# ************************************************************
# Sequel Pro SQL dump
# Version 4541
#
# http://www.sequelpro.com/
# https://github.com/sequelpro/sequelpro
#
# Host: 127.0.0.1 (MySQL 5.7.23)
# Database: DigitalPour
# Generation Time: 2018-11-12 23:50:37 +0000
# ************************************************************


/*!40101 SET @OLD_CHARACTER_SET_CLIENT=@@CHARACTER_SET_CLIENT */;
/*!40101 SET @OLD_CHARACTER_SET_RESULTS=@@CHARACTER_SET_RESULTS */;
/*!40101 SET @OLD_COLLATION_CONNECTION=@@COLLATION_CONNECTION */;
/*!40101 SET NAMES utf8 */;
/*!40014 SET @OLD_FOREIGN_KEY_CHECKS=@@FOREIGN_KEY_CHECKS, FOREIGN_KEY_CHECKS=0 */;
/*!40101 SET @OLD_SQL_MODE=@@SQL_MODE, SQL_MODE='NO_AUTO_VALUE_ON_ZERO' */;
/*!40111 SET @OLD_SQL_NOTES=@@SQL_NOTES, SQL_NOTES=0 */;


# Dump of table Beers
# ------------------------------------------------------------

DROP TABLE IF EXISTS `Beers`;

CREATE TABLE `Beers` (
  `beerID` varchar(50) NOT NULL DEFAULT '',
  `beerMenuNumber` int(11) NOT NULL AUTO_INCREMENT,
  `brewery` int(11) DEFAULT NULL,
  `beerName` varchar(50) DEFAULT NULL,
  `abv` decimal(10,1) DEFAULT NULL,
  `kegPercent` int(11) DEFAULT NULL,
  `servingSize` int(11) DEFAULT NULL,
  `styleID` int(11) DEFAULT NULL,
  `Price` decimal(8,2) DEFAULT NULL,
  PRIMARY KEY (`beerID`),
  UNIQUE KEY `beerMenuNumber` (`beerMenuNumber`),
  KEY `styleID` (`styleID`),
  KEY `brewery` (`brewery`),
  CONSTRAINT `beers_ibfk_1` FOREIGN KEY (`styleID`) REFERENCES `BeerStyle` (`styleID`),
  CONSTRAINT `beers_ibfk_2` FOREIGN KEY (`brewery`) REFERENCES `Breweries` (`breweryID`)
) ENGINE=InnoDB DEFAULT CHARSET=utf8;

LOCK TABLES `Beers` WRITE;
/*!40000 ALTER TABLE `Beers` DISABLE KEYS */;

INSERT INTO `Beers` (`beerID`, `beerMenuNumber`, `brewery`, `beerName`, `abv`, `kegPercent`, `servingSize`, `styleID`, `Price`)
VALUES
	('1',260,812,'Hocus Pocus',4.5,13,16,116,4.00),
	('1004',2185,700,'Russian Imperial Stout',9.5,13,12,42,9.00),
	('1008',706,700,'Ironbound Ale',5.1,20,16,26,5.00),
	('1010',349,700,'Anvil Ale',4.8,28,16,5,4.00),
	('1013',2024,549,'Dirty Bastard Scotch Style Ale',8.5,90,12,15,9.00),
	('1018',2088,71,'Anniversary Ale',9.0,98,12,13,9.00),
	('1020',2389,62,'The Beast Grand Cru',14.9,21,8,66,14.00),
	('103',1657,1260,'Robert the Bruce Scottish Ale',7.0,53,12,15,8.00),
	('1042',1884,1181,'Sprecher Doppelbock',7.8,48,12,92,8.00),
	('1050',1572,527,'Big Boat Oatmeal Stout',6.6,39,16,42,8.00),
	('1051',1566,527,'XXX English Ale',6.6,26,16,26,8.00),
	('1053',1400,527,'Starfire Pale Ale',6.2,45,16,26,8.00),
	('1055',166,527,'Lighthouse Ale',4.4,67,16,95,4.00),
	('1059',111,1169,'Nut Brown Ale',4.2,64,16,38,4.00),
	('1060',245,1169,'Honey Pilsner',4.5,31,16,95,4.00),
	('1070',1996,765,'Imperial Stout',8.2,36,12,42,9.00),
	('1071',1234,765,'Censored (aka The Kronic)',5.9,68,16,33,8.00),
	('1075',1586,1242,'IPA',6.7,0,16,31,8.00),
	('1079',904,1366,'Princess of Darkness Porter',5.4,85,16,25,6.00),
	('1082',1897,592,'Plaid Bastard',8.0,91,12,15,8.00),
	('1084',412,371,'Rye On',4.8,92,16,95,4.00),
	('1086',2063,36,'Loyal Duke Scotch Ale',8.6,9,12,15,9.00),
	('109',1415,1075,'Woody Organic IPA',6.2,64,16,31,8.00),
	('1090',858,491,'Otis Alt',5.3,38,16,38,6.00),
	('1093',756,1258,'American Pale Ale',5.2,33,16,26,5.00),
	('1095',1794,866,'Weathertop Doppelbock',7.3,28,12,90,8.00),
	('1097',131,601,'Pioneer Peak Porter',4.3,91,16,25,4.00),
	('1106',373,1027,'Four Alarm Alt',4.8,13,16,38,4.00),
	('1110',1315,1129,'Thunderhead Amber Ale',6.0,97,16,33,8.00),
	('1113',2016,1305,'Emancipator',8.3,27,12,90,9.00),
	('1116',1084,76,'Superhop Ale',5.6,21,16,26,7.00),
	('1117',187,144,'Oatmeal Stout',4.5,61,22,21,4.00),
	('1119',1273,537,'Ironhead Porter Old No. 3',6.0,64,16,25,8.00),
	('1132',184,1379,'St. Charles ESB',4.5,73,22,5,4.00),
	('1135',344,440,'Redwing',4.7,13,16,33,4.00),
	('1136',982,440,'Pale Ale',5.5,98,16,26,7.00),
	('1137',1560,440,'Oatmeal Stout',6.5,18,16,42,8.00),
	('1138',780,440,'Nut Brown Ale',5.2,87,16,38,5.00),
	('1139',1066,440,'Singletrack Copper Ale',5.6,98,16,26,7.00),
	('1142',482,440,'Pilsner',5.0,33,16,95,4.00),
	('1143',479,236,'Thunder Stout',4.9,90,16,42,4.00),
	('1144',1592,236,'Autumn Ale',6.7,71,16,38,8.00),
	('1147',1833,1045,'Mortality Stout',7.5,98,12,42,8.00),
	('1148',2081,1243,'Big Hoppy Monster',8.8,20,12,33,9.00),
	('1150',1790,159,'Strom Bomb Stout',7.3,46,12,42,8.00),
	('1154',1641,376,'IPA',6.9,64,12,31,8.00),
	('1155',1395,376,'Black Cat Stout',6.2,20,16,42,8.00),
	('1159',877,540,'Dogtoberfest Octoberfest',5.3,47,16,84,6.00),
	('1162',628,1064,'Rocktoberfest',5.0,46,16,84,5.00),
	('1170',1397,869,'Black H2O Oatmeal Stout',6.2,21,16,21,8.00),
	('1171',1232,869,'Masala Mama IPA',5.9,92,16,31,8.00),
	('1174',1259,869,'Hope & King Scotch Ale',6.0,20,16,15,8.00),
	('1175',272,869,'West Bank Pub Ale',4.6,68,16,1,4.00),
	('1176',210,869,'Bright Spot Golden Ale',4.5,20,16,37,4.00),
	('1195',1045,157,'Samuel Adams Chocolate Bock',5.5,66,16,90,7.00),
	('1197',2211,1012,'Benchmark Old Ale',9.9,33,12,13,9.00),
	('1198',2355,62,'Czar Imperial Stout',11.9,56,8,42,13.00),
	('1202',1664,447,'Lava Rock Porter',7.0,7,12,25,8.00),
	('121',2206,481,'Triple Exultation Old Ale',9.7,20,12,13,9.00),
	('1213',252,588,'Premium Light Lager',4.5,20,16,95,4.00),
	('1214',1503,945,'Hop Maniac IPA',6.5,33,16,31,8.00),
	('1217',1336,945,'Steamroller Stout',6.0,46,16,42,8.00),
	('1218',1021,945,'Hazy Daze Hefeweizen',5.5,16,16,50,7.00),
	('1219',764,945,'Patriot Pale Ale',5.2,8,16,26,5.00),
	('1220',564,945,'Alt-Er-Ego Amber',5.0,20,16,38,5.00),
	('1223',2118,68,'Come About Imperial Stout',9.0,7,12,43,9.00),
	('1224',2087,68,'Navigator Doppelbock',8.9,31,12,92,9.00),
	('1230',1840,1238,'Hefeweizen',7.5,64,12,55,8.00),
	('1237',1174,751,'Fire Rock Pale Ale',5.8,96,16,26,8.00),
	('1238',548,524,'Double Barrel Ale',5.0,28,16,33,4.00),
	('1239',1673,404,'Island Pale Ale (IPA)',7.0,22,12,31,8.00),
	('124',372,441,'Buzzsaw Brown',4.8,56,16,38,4.00),
	('1246',2201,68,'Dorado Double IPA',9.6,7,12,32,9.00),
	('1253',156,1204,'Levitation Ale',4.4,69,22,33,4.00),
	('1254',2167,1204,'Imperial Stout 2003',9.4,41,12,42,9.00),
	('1256',1919,29,'Pure Hoppiness',8.0,58,12,32,8.00),
	('1257',1221,1204,'Smoked Porter',5.9,56,16,25,8.00),
	('1258',915,1204,'Stone Pale Ale',5.4,87,16,26,6.00),
	('126',1393,584,'Geist Bock',6.1,13,16,90,8.00),
	('1271',1625,936,'Torrey Pines IPA',6.8,87,12,31,8.00),
	('1272',558,936,'Sunset Amber Ale',5.0,98,16,33,5.00),
	('1273',360,936,'Paradise Pale Ale',4.8,7,16,26,4.00),
	('1274',1025,936,'Sweet Spot Hefe',5.5,57,16,50,7.00),
	('1275',238,936,'California Gold',4.5,45,16,95,4.00),
	('1279',2392,1009,'Broken Keg Ice Bock',15.0,45,8,90,14.00),
	('1280',1965,1009,'Z-U-Later Doppelbock',8.0,28,12,90,8.00),
	('1281',2029,1009,'Frank Double IPA',8.5,38,12,31,9.00),
	('129',920,441,'Cinder Cone Red',5.4,87,16,33,6.00),
	('1290',2356,731,'Downtown After Dark',12.0,13,8,38,13.00),
	('1294',2043,1181,'Sprecher Russian Imperial Stout',8.5,56,12,43,9.00),
	('1295',2020,1181,'Sprecher Abbey Triple',8.4,5,12,61,9.00),
	('130',1469,562,'LTD 02 Lager',6.4,54,16,90,8.00),
	('1302',1837,358,'Satin Solstice Imperial Stout',7.5,9,12,43,8.00),
	('1306',1428,540,'Heller Hound Bock Beer',6.2,16,16,91,8.00),
	('1307',1720,765,'Sirius',7.0,49,12,113,8.00),
	('1332',1048,913,'Dark Pilsener',5.5,33,16,95,7.00),
	('1335',1834,1298,'Northwind Imperial Stout',7.5,7,12,42,8.00),
	('134',1687,622,'Blue Dot Double India Pale Ale',7.0,92,12,32,8.00),
	('1358',957,255,'Bottle Conditioned Porter',5.5,9,16,25,7.00),
	('1359',1329,255,'Black Strap Stout',6.0,74,16,42,8.00),
	('1361',50,853,'Celis White',3.9,96,22,72,4.00),
	('1362',993,255,'Bridgeport India Pale Ale',5.5,62,16,31,7.00),
	('1371',1865,1204,'7th Anniversary IPA',7.7,12,12,31,8.00),
	('1377',1265,520,'Roundabout Oatmeal Stout',6.0,31,16,21,8.00),
	('138',1522,935,'Odell Red Ale',6.5,7,16,33,8.00),
	('1381',2334,919,'Old Stock Ale 2002',11.4,45,8,13,12.00),
	('1382',1866,1204,'Ruination IPA',7.7,70,12,32,8.00),
	('1384',2140,62,'Salvation',9.0,63,12,72,9.00),
	('1402',568,803,'Downtown Brown',5.0,47,16,38,5.00),
	('1416',1161,1181,'Sprecher Oktoberfest',5.8,88,16,84,8.00),
	('1425',1913,94,'Hop Rod Rye',8.0,87,12,32,8.00),
	('143',155,447,'Silk Lady',4.4,1,22,26,4.00),
	('1431',1103,512,'Saranac Hefeweizen',5.6,86,16,50,8.00),
	('1432',1069,1301,'Chief Blackhawk Porter',5.6,47,16,25,7.00),
	('144',779,447,'Danger Ale',5.2,92,16,38,5.00),
	('1454',1307,1219,'Sherwood Forest IPA',6.0,16,16,31,8.00),
	('1456',1749,549,'Centennial IPA',7.2,9,12,31,8.00),
	('1465',2179,1260,'Dreadnaught Imperial IPA',9.5,74,12,32,9.00),
	('1476',1763,463,'Dubbel Dragon',7.2,69,12,72,8.00),
	('1479',300,1169,'Red Lager',4.6,67,16,95,4.00),
	('1481',1888,550,'Blackburn Doppelbock',7.9,76,12,90,8.00),
	('1483',1278,947,'Porter',6.0,17,16,25,8.00),
	('1495',1165,347,'Scottish Ale',5.8,27,16,15,8.00),
	('1507',1218,779,'Left Hand Milk Stout',5.9,22,16,20,8.00),
	('1511',668,1181,'Special Amber',5.0,68,16,95,5.00),
	('152',2349,919,'Old Stock Ale 2007',11.7,64,8,13,13.00),
	('1527',1223,604,'Bee Sting Honey Ale',5.9,46,16,26,8.00),
	('1529',2166,1243,'The Iron Tankard',9.4,1,12,33,9.00),
	('153',1478,160,'Cold Hop',6.5,46,16,2,8.00),
	('1549',849,520,'Manifesto Pale Ale',5.3,64,16,26,6.00),
	('1553',1677,94,'Racer 5 IPA',7.0,13,12,31,8.00),
	('1554',2333,919,'Old Stock Ale 2001',11.4,87,8,13,12.00),
	('1557',1981,94,'Big Bear Black Stout',8.1,20,12,43,8.00),
	('1558',2257,857,'Tripel Crown',10.0,31,8,61,10.00),
	('157',1651,723,'Biere de Mars',7.0,69,12,13,8.00),
	('1609',1054,381,'Pale Ale',5.5,69,16,95,7.00),
	('1615',330,392,'Stite Golden Pilsner',4.7,3,16,95,4.00),
	('162',1196,1084,'The Unforgiven Amber Ale',5.8,69,16,33,8.00),
	('1624',1177,705,'Pale Ale',5.8,54,16,26,8.00),
	('164',710,595,'Duke IPA',5.1,18,16,31,5.00),
	('165',577,595,'Broad Axe Stout',5.0,57,16,42,5.00),
	('166',167,595,'Northern Light Lager',4.4,9,16,95,4.00),
	('1708',524,385,'Pale Ale',5.0,92,16,26,4.00),
	('1710',113,1181,'Hefe Weiss',4.2,82,16,50,4.00),
	('1711',1162,1181,'Winter Brew',5.8,58,16,90,8.00),
	('1712',1215,1181,'Black Bavarian Lager',5.9,64,16,86,8.00),
	('1714',1578,520,'Donner Party Porter',6.7,65,16,25,8.00),
	('1740',426,160,'Hazed & Infused Dry-Hopped Ale',4.8,95,16,26,4.00),
	('1760',1489,643,'Not Tonight Honey Porter',6.5,68,16,25,8.00),
	('1767',533,374,'Sunset Red Ale',5.0,9,16,26,4.00),
	('177',1531,723,'LuciМДе©rnaga',6.5,22,16,64,8.00),
	('1775',2116,1285,'Imperial Stout',9.0,31,12,42,9.00),
	('1793',1779,21,'IPA',7.3,9,12,31,8.00),
	('1800',2272,771,'Boss Hog Double IPA',10.1,23,8,32,10.00),
	('1805',1033,905,'1554 Enlightened Black Ale',5.5,48,16,72,7.00),
	('181',1043,39,'Bock',5.5,54,16,90,7.00),
	('182',2065,810,'Double India Pale Ale',8.6,20,12,26,9.00),
	('1826',1611,259,'East India Pale Ale',6.8,48,12,31,8.00),
	('1843',380,566,'Perfect Stout',4.8,45,16,42,4.00),
	('1845',1110,566,'Harvest Ale',5.6,46,16,84,8.00),
	('1846',567,566,'Bison Brown',5.0,82,16,38,5.00),
	('185',1666,481,'Certified Organic India Pale Ale',7.0,47,12,26,8.00),
	('1853',218,1280,'Yorkshire Stout',4.5,7,16,42,4.00),
	('1856',938,1280,'Hathor Red Lager',5.4,13,16,95,6.00),
	('186',959,481,'Certified Organic Porter',5.5,20,16,25,7.00),
	('1864',761,652,'India Pale Ale',5.2,48,16,26,5.00),
	('1875',1275,888,'North of the Border Porter',6.0,82,16,25,8.00),
	('1878',202,888,'Dells Chief Amber Ale',4.5,13,16,33,4.00),
	('1879',596,888,'Weissbier',5.0,8,16,50,5.00),
	('188',363,481,'Certified Organic Amber Ale',4.8,9,16,33,4.00),
	('1880',251,888,'Pilsner',4.5,78,16,95,4.00),
	('1881',196,888,'Schmitz Pale Ale No. 5',4.5,45,22,26,4.00),
	('1890',374,1314,'Mullin Brown',4.8,46,16,38,4.00),
	('1891',114,1314,'Hefeweizen',4.2,22,22,50,4.00),
	('1892',359,1314,'Pale Pale Boss Ale',4.8,98,16,26,4.00),
	('1893',75,1314,'Bartles and Lager',4.0,98,22,95,4.00),
	('1903',2173,1204,'Imperial Stout 2002',9.5,34,12,42,9.00),
	('192',2395,62,'Mephistopheles Stout',16.0,92,8,42,15.00),
	('1934',2253,1268,'Weizen Bock',10.0,92,8,55,10.00),
	('1940',969,930,'Gnaw Bone Pale Ale',5.5,20,16,26,7.00),
	('1943',411,930,'Meridian Street Premium Lager',4.8,53,16,95,4.00),
	('196',705,1136,'Export Ale',5.1,78,16,26,5.00),
	('1999',375,947,'Nut Brown Ale',4.8,20,16,38,4.00),
	('20',2069,483,'Cow Palace Scotch Ale 1998',8.7,22,12,15,9.00),
	('2000',755,947,'American Pale Ale',5.2,3,16,26,5.00),
	('2003',1361,1181,'Sprecher Maibock',6.0,33,16,91,8.00),
	('2008',2112,810,'John Barleycorn Barleywine Style Ale',9.0,92,12,35,9.00),
	('201',2159,765,'Undercover Investigation Shut-Down Ale',9.3,35,12,26,9.00),
	('2011',2001,1271,'Butthead Doppelbock',8.2,69,12,92,9.00),
	('2016',1209,708,'Big Butt Doppelbock',5.8,7,16,90,8.00),
	('2025',752,441,'Black Butte Porter',5.2,50,16,25,5.00),
	('2028',2186,857,'Dragonslayer',9.5,46,12,43,9.00),
	('2034',1874,94,'Racer X',7.8,65,12,32,8.00),
	('204',1534,1315,'Gueuze-Lambic',6.5,56,16,70,8.00),
	('2057',1656,536,'Kilt Kicker Wee Heavy',7.0,20,12,15,8.00),
	('208',839,935,'90 Shilling',5.3,68,16,7,6.00),
	('209',423,905,'Sunshine Wheat',4.8,20,16,116,4.00),
	('214',720,161,'Lunar Ale',5.1,48,16,38,5.00),
	('215',909,604,'Denver Pale Ale / DPA',5.4,13,16,26,6.00),
	('2153',685,930,'Razz-Wheat',5.0,13,16,116,5.00),
	('2154',1076,930,'Snake Pit Porter',5.6,22,16,25,7.00),
	('2155',1004,930,'Indiana Amber',5.5,30,16,33,7.00),
	('2162',65,77,'Whose Ear? Red Ale',4.0,28,22,33,4.00),
	('2163',92,77,'Rust Belt Porter',4.1,69,22,25,4.00),
	('2165',354,77,'Blind Tiger Pale Ale',4.8,92,16,26,4.00),
	('2166',34,77,'Flat Belly American Wheat',3.6,16,16,95,4.00),
	('2178',470,708,'Red Lager',4.9,65,16,95,4.00),
	('2189',647,652,'Hefeweizen',5.0,78,16,95,5.00),
	('2223',2327,483,'Cow Palace Scotch Ale 2001',11.1,13,8,15,12.00),
	('2224',2154,62,'Hog Heaven Barleywine',9.2,89,12,35,9.00),
	('223',110,905,'Skinny Dip',4.2,20,16,37,4.00),
	('2240',1071,39,'Porter',5.6,78,16,25,7.00),
	('2243',1017,919,'Old No.38 Stout',5.5,47,16,42,7.00),
	('2250',1464,585,'Maduro',6.4,73,16,38,8.00),
	('2286',2172,1204,'Imperial Stout 2001',9.5,14,12,42,9.00),
	('2290',1159,1301,'Bitter Woman IPA',5.8,71,16,31,8.00),
	('2293',1505,857,'Im Paled Ale',6.5,56,16,31,8.00),
	('2295',1003,857,'Grail Ale',5.5,34,16,33,7.00),
	('2296',838,857,'Beast Bitter',5.3,87,16,5,6.00),
	('2306',999,1206,'Artist Colony Ale',5.5,70,16,33,7.00),
	('2307',807,868,'Berghoff Oktoberfest Beer',5.2,53,16,84,6.00),
	('231',1985,935,'Double Pilsner',8.1,18,12,95,8.00),
	('2311',1445,1220,'India Pale Ale',6.3,19,16,31,8.00),
	('2316',1551,1301,'Shantytown Doppelbock',6.5,7,16,92,8.00),
	('232',463,708,'Creamy Dark',4.9,3,16,95,4.00),
	('2342',1963,526,'Detonator Doppelbock',8.0,69,12,90,8.00),
	('235',53,590,'Jack of Spades Schwarzbier',3.9,96,22,86,4.00),
	('236',928,1179,'Shiner Hefeweizen',5.4,9,16,50,6.00),
	('2360',1501,1013,'Bottle Rocket IPA',6.5,82,16,31,8.00),
	('2376',160,1286,'Rugged Trail Ale',4.4,1,22,38,4.00),
	('2384',1538,249,'Rare Vos',6.5,69,16,72,8.00),
	('2414',1669,853,'High Seas IPA',7.0,20,12,31,8.00),
	('2416',1088,633,'Point Defiance IPA',5.6,20,16,31,7.00),
	('2428',962,1254,'Old Redwood Porter',5.5,82,16,25,7.00),
	('2447',1292,68,'Big Eye IPA',6.0,57,16,31,8.00),
	('2454',1511,1165,'Pick Axe IPA',6.5,28,16,31,8.00),
	('247',488,604,'Hot Shot ESB',5.0,69,16,5,4.00),
	('2475',1064,909,'Pale Ale',5.5,91,16,26,7.00),
	('2530',2222,956,'Gubna Imperial IPA',10.0,20,12,32,9.00),
	('2546',854,1070,'Hopyard IPA',5.3,1,16,31,6.00),
	('2566',11,39,'Small Beer',3.3,100,22,10,4.00),
	('26',1217,1220,'Winter Ale',5.9,82,16,13,8.00),
	('260',1633,624,'Illuminator Doppelbock',6.8,31,12,90,8.00),
	('2602',438,827,'Albion Amber Ale',4.9,2,16,38,4.00),
	('2603',1176,827,'Mt.Tam Pale Ale',5.8,50,16,26,8.00),
	('2604',732,827,'Hefe Weiss',5.1,22,16,95,5.00),
	('261',1385,624,'Old Princeton Landing IPA',6.1,20,16,31,8.00),
	('262',785,624,'Paddle Out Stout',5.2,7,16,42,5.00),
	('263',282,624,'Pillar Point Pale Ale',4.6,64,16,26,4.00),
	('2638',1158,1301,'Stone Teepee Pale Ale',5.8,52,16,26,8.00),
	('264',223,624,'Sandy Beach Blonde Hefeweizen',4.5,20,16,50,4.00),
	('265',365,624,'Mavericks Amber Ale',4.8,20,16,33,4.00),
	('2654',410,381,'Lager Beer',4.8,20,16,95,4.00),
	('2659',1332,1380,'Imperial Stout',6.0,33,16,42,8.00),
	('2677',1405,907,'Hop Hearty IPA',6.2,68,16,31,8.00),
	('268',1334,1126,'Oatmeal Stout',6.0,56,16,42,8.00),
	('269',544,1126,'Amber',5.0,46,16,33,4.00),
	('2695',430,385,'Gold Ale',4.9,42,16,26,4.00),
	('271',525,1126,'Pelican Pale',5.0,87,16,26,4.00),
	('273',1778,701,'Casey Jones Imperial IPA',7.3,47,12,31,8.00),
	('2739',1226,562,'Very Special Pale Golden Ale',5.9,21,16,26,8.00),
	('2743',1564,1260,'Alpha King Pale Ale',6.6,45,16,26,8.00),
	('2744',1986,1197,'High Gravity Lager',8.1,60,12,95,8.00),
	('2748',811,708,'1888 Bock',5.2,91,16,90,6.00),
	('275',1002,701,'Epiphany Ale',5.5,16,16,33,7.00),
	('276',1300,701,'IPA',6.0,23,16,31,8.00),
	('277',240,701,'Chazz Cat Rye',4.5,53,16,95,4.00),
	('2773',814,656,'Genesee Cream Ale',5.2,7,16,95,6.00),
	('278',530,701,'Shining Star Pale Ale',5.0,7,16,26,4.00),
	('279',1211,701,'Honey Bunny Blonde Ale',5.8,47,16,95,8.00),
	('2793',1546,1103,'Oderbolz Bock',6.5,87,16,90,8.00),
	('2798',1655,867,'Duggie Meyer Wee Heavy',7.0,45,12,15,8.00),
	('28',1676,935,'Odell IPA',7.0,56,12,31,8.00),
	('2806',2091,1052,'Nocturn',9.0,47,12,13,9.00),
	('2816',867,157,'Samuel Adams Coastal Wheat',5.3,48,16,50,6.00),
	('282',378,892,'Irish Dry Stout',4.8,28,16,42,4.00),
	('283',1895,892,'Kilt Lifter Scottish Ale',8.0,82,12,15,8.00),
	('2834',480,160,'Singletrack Copper Ale',5.0,33,16,26,4.00),
	('284',1493,892,'India Pale Ale',6.5,7,16,26,8.00),
	('285',1708,588,'Blonde Bock',7.0,61,12,90,8.00),
	('286',144,588,'Schwarzbier',4.3,93,22,86,4.00),
	('288',2259,385,'Yule Tide',10.0,7,8,61,10.00),
	('2898',517,1206,'Iowa Pale Ale',5.0,69,16,26,4.00),
	('2901',2383,585,'Bourbon County Stout',13.0,8,8,43,14.00),
	('2905',813,56,'Dunkel',5.2,98,16,95,6.00),
	('2957',1600,907,'Uff-Da Bock',6.8,96,16,90,8.00),
	('2972',392,540,'Woody Creek White',4.8,9,16,67,4.00),
	('2985',2038,858,'Obliteration VI',8.5,74,12,32,9.00),
	('2989',1632,739,'Doppelbock',6.8,91,12,90,8.00),
	('299',40,1004,'Zone 7 Porter',3.8,61,22,25,4.00),
	('30',352,935,'Cutthroat Porter',4.8,20,16,25,4.00),
	('300',850,1004,'Pleasanton Pale',5.3,33,16,26,6.00),
	('302',1102,707,'Hefeweizen',5.6,64,16,50,8.00),
	('304',1170,707,'Penalty Shot Porter',5.8,66,16,25,8.00),
	('305',1810,707,'India Pale Ale',7.5,20,12,26,8.00),
	('306',1091,707,'Grid Iron Amber Ale',5.6,87,16,33,7.00),
	('307',25,707,'Boys of Summer Wheat',3.5,81,22,95,4.00),
	('3087',1714,1211,'Honey Double Maibock',7.0,100,12,91,8.00),
	('3092',299,708,'Original',4.6,92,16,95,4.00),
	('3099',1112,868,'Berghoff Original Lager Beer',5.6,69,16,95,8.00),
	('3106',859,1091,'Saint Arnold Brown Ale',5.3,59,16,38,6.00),
	('3123',314,1220,'Hefe-Weizen',4.7,52,16,50,4.00),
	('313',2044,133,'Tatonka Stout',8.5,13,12,43,9.00),
	('314',1460,133,'P.M. Porter',6.4,19,16,25,8.00),
	('3140',911,1220,'Extra Pale Ale',5.4,20,16,26,6.00),
	('3141',1921,1260,'Chubby Brown',8.0,9,12,38,8.00),
	('315',1785,133,'Jeremiah Red',7.3,22,12,22,8.00),
	('316',1131,133,'Piranha Pale Ale',5.7,64,16,26,8.00),
	('317',445,133,'Harvest Hefeweizen',4.9,36,16,50,4.00),
	('319',1235,133,'Nutty Brewnette',5.9,91,16,38,8.00),
	('3201',1357,1346,'Dusseldorfer Doppelbock',6.0,64,16,90,8.00),
	('3202',1331,1346,'Dublin Stout',6.0,99,16,42,8.00),
	('3219',2064,235,'Strong Scotch Ale',8.6,78,12,15,9.00),
	('3237',1559,1158,'Sly Fox Christmas Ale',6.5,82,16,141,8.00),
	('3241',2266,1218,'Doppelbock',10.0,86,8,90,10.00),
	('3254',1922,965,'Imperial Stout',8.0,78,12,42,8.00),
	('3284',1129,686,'Storm Cellar Porter',5.7,78,16,25,8.00),
	('3286',556,686,'Red Nectar',5.0,91,16,33,4.00),
	('3287',193,686,'Gold Rush',4.5,55,22,26,4.00),
	('333',918,236,'Avalanche Amber',5.4,53,16,33,6.00),
	('335',714,935,'Levity Amber Ale',5.1,45,16,33,5.00),
	('3350',1599,441,'Jubelale',6.7,90,16,141,8.00),
	('3352',1492,1142,'Harvest Ale',6.5,98,16,26,8.00),
	('336',304,935,'Easy Street Wheat',4.6,39,16,116,4.00),
	('3360',1279,540,'Road Dog Ale',6.0,89,16,25,8.00),
	('3367',1248,160,'Sweaty Betty Blonde',5.9,33,16,116,8.00),
	('337',908,161,'Boulevard Pale Ale',5.4,56,16,26,6.00),
	('338',900,161,'Bully! Porter',5.4,7,16,25,6.00),
	('3424',169,1179,'Shiner Blonde',4.4,91,22,95,4.00),
	('3429',1893,985,'Double Eagle \"High-Test\" Scotch Ale',8.0,17,12,15,8.00),
	('345',444,161,'Boulevard Dry Stout',4.9,84,16,42,4.00),
	('3458',1883,674,'Hoppy Claus Holiday Ale',7.8,92,12,141,8.00),
	('346',964,160,'Planet Porter / Boulder Porter',5.5,33,16,25,7.00),
	('3461',1101,674,'Total Eclipse Black Ale',5.6,20,16,42,7.00),
	('3463',1214,512,'Saranac Winter Wassail',5.8,20,16,141,8.00),
	('3480',560,674,'Liquid Sunshine Blonde Ale',5.0,58,16,37,5.00),
	('3483',995,674,'Hoppy Face Amber Ale',5.5,55,16,31,7.00),
	('3492',989,1163,'Thompson Pale Ale',5.5,64,16,26,7.00),
	('3518',737,1029,'Apricot Wheat',5.1,88,16,116,5.00),
	('3530',1787,1004,'Atta Boy IPA',7.3,8,12,31,8.00),
	('3531',54,1004,'Honey Wheat',3.9,82,22,95,4.00),
	('3557',1096,259,'Brown Ale',5.6,7,16,38,7.00),
	('3559',436,520,'Base Camp Golden Ale',4.9,64,16,37,4.00),
	('3587',520,441,'Mirrorpond Pale Ale',5.0,87,16,26,4.00),
	('3594',1741,1031,'Scotch brand Ale',7.2,1,12,15,8.00),
	('3597',1095,919,'Acme California Brown Ale',5.6,98,16,38,7.00),
	('3602',1241,157,'Samuel Adams Cranberry Lambic',5.9,9,16,70,8.00),
	('362',2150,236,'471 Double IPA',9.2,23,12,31,9.00),
	('3621',1636,1031,'Snow Cap',6.9,58,12,13,8.00),
	('3622',1465,441,'Obsidian Stout',6.4,53,16,42,8.00),
	('3624',191,441,'Cascade Golden Ale',4.5,37,16,26,4.00),
	('3629',837,441,'Bachelor ESB',5.3,92,16,5,6.00),
	('3647',433,333,'Tall Tale Pale Ale',4.9,11,16,26,4.00),
	('3649',1271,333,'Charles River Porter',6.0,78,16,25,8.00),
	('3650',135,333,'Cambridge Amber',4.3,58,16,33,4.00),
	('3661',1581,251,'Independence Ale',6.7,39,16,26,8.00),
	('3715',1100,1031,'Hart Espresso Stout',5.6,78,16,42,7.00),
	('3720',1496,1013,'5 C\'s IPA',6.5,9,16,31,8.00),
	('374',1733,935,'Imperial Stout',7.1,86,12,42,8.00),
	('3740',810,1379,'Railyard Ale',5.2,68,16,84,6.00),
	('3747',1092,1286,'HopBack Amber Ale',5.6,68,16,33,7.00),
	('3748',2002,1286,'Troegenator Double Bock',8.2,49,12,92,9.00),
	('3749',418,1286,'Dreamweaver',4.8,7,16,116,4.00),
	('3750',1167,1286,'Dead Reckoning Porter',5.8,89,16,25,8.00),
	('3751',1628,1286,'Oatmeal Stout',6.8,53,12,42,8.00),
	('3752',636,1286,'Bavarian Lager',5.0,53,16,95,5.00),
	('3753',1120,1286,'ESB',5.7,87,16,5,8.00),
	('3754',315,540,'In-Heat Wheat',4.7,95,16,50,4.00),
	('3755',1455,540,'K-9 Cruiser Winter Ale',6.4,53,16,13,8.00),
	('3756',916,1286,'Troegs Pale Ale',5.4,45,16,26,6.00),
	('3757',1826,1286,'Nugget Nectar',7.5,20,12,33,8.00),
	('3759',1731,540,'Snake Dog IPA',7.1,39,12,31,8.00),
	('3761',341,122,'Trout Slayer',4.7,33,16,116,4.00),
	('3762',845,122,'Moose Drool Brown Ale',5.3,47,16,25,6.00),
	('3763',311,122,'Scape Goat Pale Ale',4.7,0,16,26,4.00),
	('3767',117,907,'Totally Naked',4.2,56,22,95,4.00),
	('3769',1199,907,'Fat Squirrel Nut Brown Ale',5.8,87,16,38,8.00),
	('3770',367,907,'Spotted Cow',4.8,86,16,33,4.00),
	('3771',1185,908,'Mad Hatter IPA',5.8,48,16,31,8.00),
	('3772',2124,908,'Black Tulip',9.0,64,12,61,9.00),
	('3775',967,540,'Classic Pale Ale',5.5,13,16,26,7.00),
	('3776',279,812,'#9',4.6,9,16,26,4.00),
	('3777',100,863,'Miller Chill',4.1,87,16,96,4.00),
	('3778',676,863,'Miller High Life',5.0,78,16,96,5.00),
	('3779',308,863,'Miller Genuine Draft',4.7,8,16,96,4.00),
	('3780',255,863,'Milwaukee\'s Best Light',4.5,82,16,96,4.00),
	('3781',1058,863,'Icehouse',5.5,45,16,96,7.00),
	('3782',256,863,'Milwaukees Best',4.5,22,16,96,4.00),
	('3783',674,44,'Budweiser',5.0,47,16,96,5.00),
	('3784',118,44,'Bud Light',4.2,13,22,96,4.00),
	('3785',148,44,'Budweiser Select',4.3,57,22,96,4.00),
	('3786',2123,1211,'Abbey Triple',9.0,20,12,61,9.00),
	('3787',2192,1326,'Golden Monkey Tripel',9.5,45,12,61,9.00),
	('3788',2074,45,'Broad Street Barleywine',8.7,46,12,35,9.00),
	('3789',265,45,'Water Gap Wheat',4.5,28,16,116,4.00),
	('3790',249,45,'Mountain Lager',4.5,47,16,95,4.00),
	('3791',1761,45,'Volks Weizenbock',7.2,46,12,55,8.00),
	('3792',432,45,'Purist Pale Ale',4.9,26,16,26,4.00),
	('3793',748,45,'Jolly Scot Scottish Ale',5.2,88,16,15,5.00),
	('3794',1407,45,'Hoppy Trails India Pale Ale',6.2,31,16,31,8.00),
	('3795',289,45,'Susquehanna Stout',4.6,45,16,42,4.00),
	('3796',1246,45,'Zoigl Star Lager',5.9,82,16,95,8.00),
	('3797',1466,45,'Abbey Roade Belgian Ale',6.4,76,16,72,8.00),
	('3798',362,45,'Celtic Knot Irish Red',4.8,47,16,33,4.00),
	('3799',400,45,'Peregrine Pilsner',4.8,8,16,77,4.00),
	('3800',1775,45,'Anniversary Maibock',7.2,98,12,91,8.00),
	('3801',866,45,'Hinterland Hefe Weizen',5.3,57,16,50,6.00),
	('3803',809,45,'Kipona Fest',5.2,87,16,84,6.00),
	('3804',860,45,'Trail Blaze Organic Brown Ale',5.3,62,16,38,6.00),
	('3805',902,45,'Pennypacker Porter',5.4,11,16,25,6.00),
	('3806',1137,45,'Grinnin\' Grizzly Spiced Ale',5.7,92,16,33,8.00),
	('3810',1184,812,'Lucky Kat',5.8,3,16,31,8.00),
	('3811',122,863,'Miller Lite',4.2,21,16,96,4.00),
	('3812',171,1388,'Yuengling Lager',4.4,80,22,95,4.00),
	('3813',15,1388,'Yuengling Lager Light',3.4,23,22,96,4.00),
	('3814',310,1388,'Yuengling Porter',4.7,71,16,25,4.00),
	('3816',913,1388,'Lord Chesterfield Ale',5.4,21,16,26,6.00),
	('3817',172,1388,'Yuengling Premium Beer',4.4,59,22,95,4.00),
	('3818',28,1388,'Yuengling Premium Light',3.5,49,22,96,4.00),
	('3819',939,1326,'Throwback Lager',5.4,46,16,95,6.00),
	('3820',875,1326,'Prima Pils',5.3,81,16,77,6.00),
	('3821',415,1326,'Victory Lager',4.8,91,16,95,4.00),
	('3822',1795,1326,'St. Boisterous Hellerbock',7.3,87,12,91,8.00),
	('3823',1146,1326,'Sunrise Weissbier',5.7,39,16,50,8.00),
	('3824',608,1326,'Whirlwind Wit',5.0,1,16,67,5.00),
	('3825',1109,1326,'Festbier',5.6,13,16,84,8.00),
	('3826',2034,1326,'Hop Wallop',8.5,66,12,32,9.00),
	('3827',2076,1326,'Moonglow Weizenbock',8.7,69,12,55,9.00),
	('3828',2291,1326,'Old Horizontal',10.5,70,8,35,10.00),
	('3829',1862,1326,'St. Victorious',7.6,12,12,95,8.00),
	('3830',2149,1326,'Storm King Imperial Stout',9.1,83,12,43,9.00),
	('3831',2369,1326,'V-12',12.0,91,8,72,13.00),
	('3832',1585,1326,'Hop Devil India Pale Ale',6.7,71,16,31,8.00),
	('3833',675,399,'Coors Original',5.0,9,16,96,5.00),
	('3834',120,399,'Coors Light',4.2,20,22,96,4.00),
	('3835',642,399,'Coors Extra Gold Lager',5.0,98,16,95,5.00),
	('3837',1155,399,'Harvest Moon Pumpkin',5.7,39,16,123,8.00),
	('3839',931,399,'Blue Moon Belgian White',5.4,64,16,67,6.00),
	('3840',465,399,'Killian\'s Irish Red',4.9,36,16,95,4.00),
	('3841',876,1286,'Sunshine Pils',5.3,45,16,77,6.00),
	('3842',1845,1326,'V-Saison',7.5,67,12,72,8.00),
	('3843',335,960,'Apricot Wheat',4.7,3,16,116,4.00),
	('3844',414,960,'Spruce Creek Lager',4.8,68,16,95,4.00),
	('3845',818,960,'Spring Creek Lager',5.2,78,16,95,6.00),
	('3846',526,960,'Red Mo Ale',5.0,68,16,26,4.00),
	('3847',521,960,'Mt. Nittany Pale Ale',5.0,45,16,26,4.00),
	('3848',1991,960,'Double D IPA',8.2,26,12,32,9.00),
	('3849',287,960,'Black Mo Stout',4.6,24,16,42,4.00),
	('3850',2204,960,'Tripel Ale',9.6,9,12,61,9.00),
	('3851',796,960,'Dubbel Ale',5.2,8,16,60,5.00),
	('3852',757,960,'Arthur\'s Nugget Pale Ale',5.2,19,16,26,5.00),
	('3865',74,975,'Penn Pilsner',4.0,31,22,77,4.00),
	('3866',82,975,'Penn Gold',4.0,64,22,95,4.00),
	('3868',70,975,'Penn Weizen',4.0,92,22,50,4.00),
	('3870',1964,975,'PENNdemonium',8.0,21,12,90,8.00),
	('3871',233,975,'Penn Oktoberfest',4.5,20,16,84,4.00),
	('3872',145,698,'Augustiner',4.3,88,22,95,4.00),
	('3875',532,1211,'Stoudt\'s American Pale Ale',5.0,47,16,26,4.00),
	('3876',331,1211,'Stoudt\'s Gold Lager',4.7,33,16,95,4.00),
	('3877',491,1211,'Scarlet Lady Ale',5.0,87,16,5,4.00),
	('3878',325,1211,'Stoudt\'s Pils',4.7,96,16,77,4.00),
	('3879',1077,771,'Amish Four Grain',5.6,33,16,26,7.00),
	('3880',338,771,'Lancaster Strawberry Wheat',4.7,74,16,116,4.00),
	('3881',862,771,'Lancaster Milk Stout',5.3,98,16,42,6.00),
	('3882',1885,771,'Hop Hog IPA',7.9,19,12,31,8.00),
	('3883',345,963,'Pabst Blue Ribbon',4.7,46,16,96,4.00),
	('3884',102,963,'Pabst Blue Ribbon Light',4.2,91,16,96,4.00),
	('3885',298,963,'Old Milwaukee',4.6,42,16,95,4.00),
	('3886',301,963,'Piels Draft',4.6,69,16,96,4.00),
	('3887',38,963,'Piels Light',3.8,8,16,96,4.00),
	('3890',101,698,'IC Light',4.2,68,16,96,4.00),
	('3891',361,771,'Rare Rooster Summer Rye Ale',4.8,58,16,26,4.00),
	('3892',2084,771,'Lancaster Winter Warmer',8.9,87,12,13,9.00),
	('3893',1552,771,'Spring Bock',6.5,58,16,95,8.00),
	('3894',1542,771,'Lancaster Oktoberfest',6.5,45,16,84,8.00),
	('3895',1984,771,'Doppel Bock',8.1,82,12,90,8.00),
	('3896',1337,771,'Lancaster Hefe Weizen',6.0,20,16,50,8.00),
	('3897',727,771,'Gold Star Pilsner',5.1,49,16,77,5.00),
	('3898',2111,1009,'Shark Attack Double Red Ale',9.0,53,12,33,9.00),
	('3899',1684,1009,'Wipeout IPA',7.0,45,12,31,8.00),
	('3900',635,1009,'Amigo Lager',5.0,20,16,95,5.00),
	('3901',2224,1009,'Hop 15 Ale',10.0,92,8,32,9.00),
	('3902',2284,1009,'Old Viscosity',10.5,34,8,13,10.00),
	('3903',1360,975,'St. Nikolaus Bock Bier',6.0,22,16,90,8.00),
	('3909',1240,755,'Brueghel Blonde',5.9,47,16,61,8.00),
	('3913',2218,526,'10 Squared (10Мве_)',10.0,21,12,31,9.00),
	('3914',346,157,'Samuel Adams Boston Lager',4.8,20,16,95,4.00),
	('3915',2083,157,'Samuel Adams Double Bock',8.8,92,12,90,9.00),
	('3916',822,157,'Samuel Adams Summer Ale',5.2,82,16,116,6.00),
	('3917',478,157,'Samuel Adams Boston Ale',4.9,45,16,26,4.00),
	('3918',460,157,'Samuel Adams Black Lager',4.9,84,16,86,4.00),
	('3919',1210,157,'Samuel Adams Winter Lager',5.8,58,16,90,8.00),
	('3920',2162,1352,'Merry Monks',9.3,97,12,61,9.00),
	('3921',1118,1352,'Winter Ale',5.6,53,16,141,8.00),
	('3922',933,1352,'AutumnFest',5.4,82,16,84,6.00),
	('3923',1662,1352,'Black Hole',7.0,31,12,25,8.00),
	('3924',602,1352,'Blanche',5.0,98,16,67,5.00),
	('3925',2352,1352,'Blasphemy',11.8,22,8,62,13.00),
	('3926',2328,1352,'Blithering Idiot',11.1,46,8,35,12.00),
	('3927',2379,1352,'Decadence',13.0,86,8,33,12.00),
	('3928',956,1333,'Oatmeal Stout',5.5,47,16,21,7.00),
	('3929',2103,1352,'Double Simcoe IPA',9.0,46,12,32,9.00),
	('3930',2350,1352,'Eleven',11.7,86,8,61,13.00),
	('3931',1926,1352,'Heresy',8.0,82,12,43,8.00),
	('3932',1408,1352,'Hops Infusion',6.2,98,16,31,8.00),
	('3933',206,1352,'House Ale',4.5,21,22,33,4.00),
	('3934',1977,1352,'Imperial Pumpkin Ale',8.0,58,12,123,8.00),
	('3935',2330,1352,'Insanity',11.1,69,8,35,12.00),
	('3936',1423,1352,'Muse Farmhouse Ale',6.2,2,16,74,8.00),
	('3937',1928,1352,'Old Heathen',8.0,33,12,43,8.00),
	('3938',2163,1352,'Prophecy',9.3,70,12,61,9.00),
	('3939',2353,1352,'Quad',11.8,33,8,62,13.00),
	('3940',1930,1352,'Raspberry Imperial Stout',8.0,56,12,43,8.00),
	('3941',2277,1352,'Twelve',10.2,40,8,35,10.00),
	('3942',1151,157,'Samuel Adams OctoberFest',5.7,49,16,84,8.00),
	('3943',898,157,'Samuel Adams Scotch Ale',5.4,9,16,15,6.00),
	('3945',922,399,'Rising Moon Spring Ale',5.4,91,16,33,6.00),
	('3946',1247,44,'Natural Ice',5.9,22,16,96,8.00),
	('3947',123,44,'Natural Light',4.2,28,16,96,4.00),
	('3949',1613,812,'HIPA',6.8,74,12,31,8.00),
	('395',230,723,'Bam BiМДе¬re',4.5,56,16,74,4.00),
	('3950',2396,459,'120 Minute IPA',18.0,87,8,32,16.00),
	('3951',2099,459,'90 Minute IPA',9.0,33,12,32,9.00),
	('3952',1290,459,'60 Minute IPA',6.0,63,16,31,8.00),
	('3953',1899,541,'Imperial Espresso Porter',8.0,33,12,25,8.00),
	('3956',1406,541,'HopFish IPA',6.2,91,16,31,8.00),
	('3957',1694,541,'Belgian Abbey Dubbel',7.0,58,12,60,8.00),
	('3958',951,541,'ESB Ale',5.5,91,16,4,7.00),
	('3959',357,541,'Extra Pale Ale',4.8,91,16,26,4.00),
	('3960',1040,541,'OktoberFish',5.5,76,16,84,7.00),
	('3961',1764,541,'Grand Cru Winter Reserve',7.2,21,12,72,8.00),
	('3962',1262,1352,'Scotch Ale',6.0,87,16,15,8.00),
	('3965',194,981,'Kenziger',4.5,64,22,26,4.00),
	('3966',1509,981,'Newbold IPA',6.5,69,16,31,8.00),
	('3967',616,981,'Rowhouse Red',5.0,31,16,74,5.00),
	('3968',607,981,'Walt Wit',5.0,20,16,67,5.00),
	('3969',828,157,'Samuel Adams Pale Ale',5.3,46,16,26,6.00),
	('397',2234,609,'Barleywine',10.0,78,8,35,9.00),
	('3970',1887,894,'Full Moon Belgian White Ale',7.9,41,12,67,8.00),
	('3971',2041,1326,'Baltic Thunder',8.5,33,12,42,9.00),
	('3976',1954,44,'Wild Blue Blueberry Lager',8.0,86,12,70,8.00),
	('3977',800,44,'Shock Top',5.2,20,16,67,5.00),
	('3978',562,2,'South Park Blonde',5.0,9,16,37,5.00),
	('3979',32,2,'Bitter American',3.6,41,16,4,4.00),
	('3980',1032,2,'Watermelon Wheat',5.5,92,16,70,7.00),
	('3981',754,2,'Amendment Pale Ale',5.2,38,16,26,5.00),
	('3982',744,2,'Potrero ESB',5.2,21,16,4,5.00),
	('3983',1194,2,'North Star Red',5.8,46,16,33,8.00),
	('3984',960,2,'General Pippo\'s Porter',5.5,64,16,25,7.00),
	('3985',1746,2,'21A IPA',7.2,39,12,31,8.00),
	('3986',1239,2,'Oyster Point Oyster Stout',5.9,58,16,42,8.00),
	('3987',575,2,'563 Stout',5.0,15,16,42,5.00),
	('3988',2207,2,'Double Trouble IPA',9.8,64,12,32,9.00),
	('3989',2235,385,'Below Decks',10.0,20,8,35,9.00),
	('3990',2252,385,'Hang Ten',10.0,53,8,55,10.00),
	('3991',2138,385,'Holy Sheet',9.0,98,12,72,9.00),
	('3992',1780,385,'Loose Cannon Hop3 Ale',7.3,78,12,31,8.00),
	('3993',1929,385,'Peg Leg Stout',8.0,8,12,43,8.00),
	('3994',1782,385,'Red Sky at Night',7.3,64,12,74,8.00),
	('3995',1783,385,'Small Craft Warning',7.3,86,12,77,8.00),
	('3996',1806,385,'Winter Storm',7.5,58,12,5,8.00),
	('4001',1869,540,'Gonzo Imperial Porter',7.8,20,12,25,8.00),
	('4002',1006,540,'Old Scratch Lager',5.5,19,16,33,7.00),
	('401',2049,905,'New Belgium Trippel Belgian Style Ale',8.5,28,12,61,9.00),
	('4011',302,774,'Rolling Rock',4.6,49,16,96,4.00),
	('4013',1758,459,'Indian Brown Ale',7.2,8,12,38,8.00),
	('4014',529,459,'Shelter Pale Ale',5.0,98,16,26,4.00),
	('4015',782,459,'Chicory Stout',5.2,91,16,42,5.00),
	('4016',1447,850,'Ipswich IPA',6.3,16,16,31,8.00),
	('4017',912,850,'Ipswich Original Ale',5.4,69,16,26,6.00),
	('4018',1660,850,'Ipswich Oatmeal Stout',7.0,68,12,21,8.00),
	('4019',1449,850,'Ipswich Dark Ale',6.3,65,16,38,8.00),
	('4020',1014,850,'Ipswich Nut Brown',5.5,12,16,38,7.00),
	('4021',1219,850,'Ipswich Porter',5.9,33,16,25,8.00),
	('4022',437,850,'Ipswich Summer',4.9,70,16,37,4.00),
	('4023',1645,850,'Ipswich Harvest',6.9,33,12,33,8.00),
	('4024',1396,850,'Ipswich Winter',6.2,69,16,13,8.00),
	('4026',157,1316,'Gold Coast Blonde Ale',4.4,50,22,37,4.00),
	('4027',953,1316,'Firehouse ESB',5.5,98,16,5,7.00),
	('4028',163,1316,'Honey-Raspberry Ale',4.4,25,22,70,4.00),
	('4029',334,1316,'American Wheat',4.7,66,16,116,4.00),
	('403',1693,905,'Abbey Belgian Style Ale',7.0,7,12,60,8.00),
	('4030',1481,1316,'Dundee Scotch Ale',6.5,21,16,15,8.00),
	('4031',44,1316,'O! Gold Light Beer',3.8,27,22,96,4.00),
	('4032',510,1316,'Capitol Premium Pale Ale',5.0,22,16,26,4.00),
	('4033',1446,1316,'India Pale Ale',6.3,74,16,31,8.00),
	('4034',161,1316,'Blackstone Stout',4.4,100,22,42,4.00),
	('4036',1179,1316,'Railyard Ale',5.8,3,16,26,8.00),
	('4038',1081,1173,'Phin & Matt\'s Extroidinary Ale',5.6,46,16,26,7.00),
	('4039',1517,1173,'Southern Tier IPA',6.5,87,16,31,8.00),
	('404',1607,1142,'India Pale Ale',6.8,19,16,26,8.00),
	('4040',2343,540,'Double Dog Double Pale Ale',11.5,7,8,32,12.00),
	('4041',1293,1086,'Blind Pig IPA',6.0,48,16,31,8.00),
	('4046',500,771,'Celtic Rose',5.0,98,16,22,4.00),
	('4051',1172,157,'Samuel Adams Holiday Porter',5.8,88,16,25,8.00),
	('4053',179,551,'8th Street Ale',4.5,68,16,4,4.00),
	('4054',1738,960,'Arthur\'s English Old Ale',7.2,70,12,13,8.00),
	('4055',1260,551,'Kilt Lifter  Scottish-Style Ale',6.0,53,16,15,8.00),
	('4056',587,551,'Hefeweizen',5.0,10,16,50,5.00),
	('4057',1299,551,'Hop Knot IPA',6.0,83,16,31,8.00),
	('4059',1644,551,'The Raj India Pale Ale',6.9,22,12,31,8.00),
	('4060',498,551,'Oatmeal Stout',5.0,91,16,21,4.00),
	('4061',73,551,'Arizona Peach',4.0,91,22,70,4.00),
	('4063',565,551,'American-Style Brown Ale',5.0,64,16,38,5.00),
	('4064',795,551,'Alt Ball and Chain',5.2,33,16,57,5.00),
	('4065',1843,551,'Barrel-Aged Blind Date Ale',7.5,94,12,72,8.00),
	('4068',629,551,'Black Betty Schwartzbier',5.0,20,16,86,5.00),
	('4069',476,551,'Caulfield\'s Rye',4.9,73,16,119,4.00),
	('407',1972,586,'Demolition',8.0,68,12,95,8.00),
	('4071',262,1173,'Raspberry Wheat',4.5,20,16,116,4.00),
	('4076',895,157,'Samuel Adams Brown Ale',5.3,39,16,38,6.00),
	('4079',840,17,'Alaskan Amber',5.3,91,16,13,6.00),
	('408',1950,723,'Oro de Calabaza',8.0,9,12,65,8.00),
	('4080',776,17,'Alaskan Pale',5.2,45,16,37,5.00),
	('4081',1123,17,'Alaskan Stout',5.7,31,16,21,8.00),
	('4082',486,17,'Alaskan ESB',5.0,46,16,5,4.00),
	('4083',1402,17,'Alaskan IPA',6.2,53,16,31,8.00),
	('4084',1486,17,'Alaskan Smoked Porter',6.5,53,16,25,8.00),
	('4085',1476,17,'Winter Ale',6.4,56,16,141,8.00),
	('4087',2282,17,'Alaskan Barley Wine Ale',10.4,19,8,35,10.00),
	('4088',1710,17,'Breakup Bock',7.0,59,12,90,8.00),
	('409',1757,723,'La Roja',7.2,33,12,33,8.00),
	('4090',570,858,'Kodiak Brown Nut Brown Ale',5.0,72,16,38,5.00),
	('4091',501,858,'Arctic Rhino Coffee Porter',5.0,7,16,25,4.00),
	('4092',1134,858,'Sockeye Red IPA',5.7,18,16,31,8.00),
	('4093',2050,858,'Panty Peeler Tripel',8.5,87,12,61,9.00),
	('4094',2097,858,'La Maitresse du Moine',9.0,82,12,29,9.00),
	('4096',1911,858,'CoHoHo Imperial IPA',8.0,53,12,32,8.00),
	('4097',1916,858,'Meltdown Double IPA',8.0,31,12,32,8.00),
	('4098',222,858,'Old Whiskers',4.5,78,16,50,4.00),
	('4099',1371,858,'Fur Rondy',6.0,45,16,141,8.00),
	('4100',1947,858,'Fallen Angel',8.0,7,12,65,8.00),
	('4101',2026,858,'Conspiracy',8.5,76,12,29,9.00),
	('4102',1857,858,'Obliteration III',7.6,19,12,32,8.00),
	('4103',192,145,'Colonel Paris Pale Ale',4.5,80,16,26,4.00),
	('4104',1658,227,'Scotch Ale',7.0,92,12,15,8.00),
	('4105',324,25,'Pig Pen Pilsener',4.7,90,16,77,4.00),
	('4106',769,25,'Fegley\'s Amber Lager',5.2,13,16,33,5.00),
	('4107',801,25,'Steelgaarden Wit',5.2,69,16,67,5.00),
	('4108',1670,25,'Hop Explosion',7.0,64,12,31,8.00),
	('4109',1127,25,'Pawn Shop Porter',5.7,47,16,25,8.00),
	('411',974,441,'Hop Trip Fresh Hop Pale Ale',5.5,45,16,26,7.00),
	('4110',941,25,'Apricot Ale',5.4,69,16,116,6.00),
	('4111',824,25,'Pumpkin Ale',5.2,33,16,123,6.00),
	('4112',2285,25,'Rude Elf\'s Reserve',10.5,46,8,29,10.00),
	('4113',511,106,'CH-47 Pale Ale',5.0,33,16,26,4.00),
	('4114',1533,106,'Cassis Reserve Lambic Мў‰вВиП06',6.5,8,16,70,8.00),
	('4115',868,106,'Arc Weld Alt',5.3,28,16,57,6.00),
	('4117',513,319,'Fast Eddies Pale Ale',5.0,56,16,26,4.00),
	('4118',1398,319,'Susquehanna Oatmeal Stout',6.2,28,16,21,8.00),
	('4119',1908,319,'Edgar I.P.A.',8.0,87,12,31,8.00),
	('4120',1093,319,'Inspiration Red',5.6,91,16,33,7.00),
	('4121',1281,319,'Smoked Porter',6.0,26,16,25,8.00),
	('4122',1966,319,'Hands Off Maibock',8.0,87,12,91,8.00),
	('4123',205,87,'Hammerin\' Ale',4.5,69,22,33,4.00),
	('4124',569,87,'Headbangerz Brown Ale',5.0,93,16,38,5.00),
	('4125',1682,87,'Weldspatter IPA',7.0,28,12,31,8.00),
	('4127',1213,100,'Oberon Ale',5.8,78,16,116,8.00),
	('4128',1072,100,'Porter',5.6,20,16,25,7.00),
	('4129',655,100,'Lager Beer',5.0,56,16,95,5.00),
	('4130',2274,100,'Third Coast Old Ale',10.2,1,8,13,10.00),
	('4131',368,100,'Third Coast Beer',4.8,82,16,37,4.00),
	('4132',763,100,'Pale Ale',5.2,74,16,26,5.00),
	('4133',1681,100,'Two Hearted Ale',7.0,21,12,31,8.00),
	('4134',1263,100,'Kalamazoo Stout',6.0,68,16,20,8.00),
	('4135',609,100,'Winter White Ale',5.0,75,16,67,5.00),
	('4136',1190,100,'Amber Ale',5.8,33,16,33,8.00),
	('4137',1197,100,'Best Brown Ale',5.8,21,16,38,8.00),
	('4138',1722,100,'Bell\'s Cherry Stout',7.0,91,12,121,8.00),
	('4139',1970,100,'Consecrator Doppelbock Beer',8.0,92,12,92,8.00),
	('414',1979,604,'Hibernation Ale',8.1,9,12,13,8.00),
	('4140',1376,100,'Special Double Cream Stout',6.1,68,16,20,8.00),
	('4141',2295,100,'Expedition Stout',10.5,19,8,43,10.00),
	('4142',1864,100,'Hell Hath No Fury Ale',7.7,12,12,29,8.00),
	('4143',2226,100,'Hopslam Ale',10.0,68,8,32,9.00),
	('4144',1836,100,'Java Stout',7.5,47,12,43,8.00),
	('4145',1039,100,'Octoberfest Beer',5.5,53,16,84,7.00),
	('4146',2134,100,'Batch 8000',9.0,38,12,67,9.00),
	('4147',2358,100,'Batch 7000',12.0,20,8,43,12.00),
	('4148',1313,784,'Rocket\'s Red Ale',6.0,70,16,33,8.00),
	('4153',2048,540,'Kerberos',8.5,21,12,61,9.00),
	('4154',789,812,'Circus Boy',5.2,78,16,50,5.00),
	('4156',275,812,'Odd Notion Spring 08',4.6,98,16,22,4.00),
	('4158',531,812,'Single Chair Ale',5.0,58,16,26,4.00),
	('4159',1195,812,'Roxy Rolles',5.8,20,16,33,8.00),
	('416',1561,905,'2МвеЎ Below',6.6,60,16,5,8.00),
	('4160',1637,812,'Jinx',6.9,47,12,15,8.00),
	('4161',891,812,'Feast of Fools',5.3,41,16,121,6.00),
	('4162',2307,812,'Chaotic Chemistry',10.8,20,8,35,11.00),
	('4164',1876,812,'Thumbsucker',7.8,57,12,43,8.00),
	('4165',320,1383,'Yards Saison',4.7,5,16,74,4.00),
	('4166',1663,1383,'General Washington Tavern Porter',7.0,98,12,25,8.00),
	('4169',505,919,'Acme California Pale Ale',5.0,78,16,26,4.00),
	('4170',165,919,'Scrimshaw Pilsner Style Beer',4.4,82,16,77,4.00),
	('4171',713,1072,'Dry Hopped St. Rogue Red Ale',5.1,92,16,33,5.00),
	('4172',1549,1072,'Dead Guy Ale',6.5,31,16,91,8.00),
	('4173',1090,1072,'American Amber Ale',5.6,92,16,33,7.00),
	('4175',1479,1072,'Brutal Bitter',6.5,20,16,5,8.00),
	('4178',1330,1072,'Chocolate Stout',6.0,85,16,42,8.00),
	('4179',1321,1072,'Hazelnut Brown Nectar',6.0,39,16,38,8.00),
	('4180',1059,1072,'Honey Cream Ale',5.5,20,16,113,7.00),
	('4181',2180,1072,'Imperial India Pale Ale / I2PA',9.5,85,12,32,9.00),
	('4182',893,1072,'Juniper Pale Ale',5.3,85,16,126,6.00),
	('4183',387,1072,'Half-E-Weizen',4.8,31,16,67,4.00),
	('4184',843,1072,'Mocha Porter / New Porter',5.3,7,16,25,6.00),
	('4186',1800,1072,'Monk Madness Ale',7.4,87,12,38,8.00),
	('4189',2344,1072,'Old Crustacean Barleywine 2004',11.5,58,8,35,12.00),
	('419',2148,604,'Hercules Double IPA',9.1,15,12,31,9.00),
	('4192',1314,1072,'Santas Private Reserve',6.0,74,16,33,8.00),
	('4193',1335,1072,'Shakespeare Stout',6.0,13,16,42,8.00),
	('4196',2231,1072,'Ten Thousand Brew Ale',10.0,58,8,32,9.00),
	('4197',2243,1072,'XS Imperial Stout',10.0,13,8,42,10.00),
	('4198',802,1072,'МДЃТber Pilsner',5.2,21,16,77,6.00),
	('420',1380,604,'Fresh Hop Pale Ale',6.1,7,16,26,8.00),
	('4202',2146,1072,'Frosty Frog',9.0,68,12,141,9.00),
	('4203',1346,1072,'Golden Frog',6.0,87,16,72,8.00),
	('4205',1504,1072,'Hoppy Frog',6.5,8,16,31,8.00),
	('4206',2110,1072,'Imperial Red',9.0,20,12,33,9.00),
	('4208',652,1072,'Kells Irish Style Lager',5.0,22,16,95,5.00),
	('4209',2127,1072,'Menage Frog',9.0,40,12,61,9.00),
	('4211',1680,1072,'Tracktown IPA',7.0,69,12,31,8.00),
	('4214',18,247,'Dark Mild',3.5,39,22,10,4.00),
	('4218',1838,1255,'Siberian Night Imperial Stout',7.5,78,12,43,8.00),
	('4220',55,1255,'Rasberry Ale',3.9,26,22,121,4.00),
	('4221',495,1255,'Twisted Kilt Scotch Ale',5.0,92,16,15,4.00),
	('4222',2255,1255,'Cerberus 10 Dog Ale',10.0,68,8,61,10.00),
	('4223',1696,1255,'Orthus Belgian Dubbel',7.0,9,12,60,8.00),
	('4224',1363,1255,'Labrador Lager',6.0,56,16,95,8.00),
	('4225',4,1255,'Stud Service Stout',3.1,77,22,42,4.00),
	('4226',1550,1255,'Maibark',6.5,98,16,91,8.00),
	('4227',1350,1255,'Barktoberfest',6.0,98,16,84,8.00),
	('4228',693,1255,'Spiced Pumpkin Ale',5.0,20,16,123,5.00),
	('423',1618,441,'Inversion IPA',6.8,56,12,31,8.00),
	('4230',1264,643,'Farmer Jon\'s Oatmeal Stout',6.0,91,16,21,8.00),
	('4233',264,1313,'Upland Wheat Ale',4.5,21,16,116,4.00),
	('4238',93,1357,'Avenue Ale',4.1,21,22,26,4.00),
	('4240',180,423,'Geary\'s Pale Ale',4.5,23,16,4,4.00),
	('4255',2047,249,'Abbey Dubbel',8.5,69,12,60,9.00),
	('4256',1243,1298,'Domaine DuPage French Country Ale',5.9,20,16,74,8.00),
	('4257',708,1298,'The Bitter End Pale Ale',5.1,86,16,26,5.00),
	('4258',2017,765,'Maximus Ale',8.4,71,12,31,9.00),
	('4260',244,656,'Honey Brown',4.5,91,16,95,4.00),
	('4261',721,1031,'Apricot Weizen Ale',5.1,36,16,50,5.00),
	('4268',258,161,'Boulevard Unfiltered Wheat',4.5,8,16,116,4.00),
	('4270',1073,1142,'Porter',5.6,64,16,25,7.00),
	('4271',1083,1142,'Sierra Nevada Pale Ale',5.6,69,16,26,7.00),
	('4272',173,1142,'Unfiltered Wheat Beer',4.4,37,22,116,4.00),
	('4273',1202,1142,'Stout',5.8,53,16,42,8.00),
	('4274',1225,1142,'ESB - Early Spring Beer',5.9,69,16,26,8.00),
	('4275',626,1142,'Summerfest',5.0,56,16,77,5.00),
	('4276',1228,1142,'Anniversary Ale 2007',5.9,87,16,31,8.00),
	('4277',1609,1142,'Celebration Ale',6.8,66,16,31,8.00),
	('4278',2202,1142,'Bigfoot',9.6,58,12,35,9.00),
	('428',736,562,'Session Premium Lager',5.1,0,16,95,5.00),
	('4282',601,23,'Allagash White',5.0,60,16,67,5.00),
	('4284',2216,459,'Burton Baton',10.0,20,12,26,9.00),
	('4286',2242,259,'Black Chocolate Stout',10.0,56,8,42,10.00),
	('4288',623,328,'Pilsener Bier',5.0,3,16,77,5.00),
	('4289',1383,328,'Caldera IPA',6.1,9,16,31,8.00),
	('4291',1000,328,'Ashland Amber',5.5,45,16,33,7.00),
	('4293',1277,328,'Pilot Rock Porter',6.0,40,16,25,8.00),
	('4294',1394,328,'Dark Lager',6.1,46,16,95,8.00),
	('4295',914,328,'Pale Ale',5.4,28,16,26,6.00),
	('4298',1070,1220,'Great Northern Porter',5.6,9,16,25,7.00),
	('43',1829,723,'Maracaibo Especial',7.5,87,12,38,8.00),
	('4309',246,698,'Iron City',4.5,98,16,95,4.00),
	('431',395,905,'Blue Paddle Pilsener',4.8,64,16,77,4.00),
	('4312',447,1361,'Widmer Hefeweizen',4.9,20,16,50,4.00),
	('4313',1294,1361,'Broken Halo IPA',6.0,28,16,31,8.00),
	('4314',549,1361,'Drop Top Amber Ale',5.0,87,16,33,4.00),
	('4316',475,1361,'Widmer W\'08',4.9,96,16,116,4.00),
	('4318',241,83,'Duveneck\'s Dortmunder',4.5,92,16,95,4.00),
	('4319',280,83,'Cumberland Pale Ale',4.6,78,16,26,4.00),
	('4320',435,83,'RedLegg Ale',4.9,89,16,33,4.00),
	('4328',1742,1204,'Arrogant Bastard Ale',7.2,41,12,26,8.00),
	('4330',716,1044,'Firemans #4',5.1,26,16,37,5.00),
	('4333',449,708,'Leinenkugel\'s Sunset Wheat',4.9,67,16,67,4.00),
	('4334',468,708,'Leinenkugel\'s Honey Weiss',4.9,97,16,95,4.00),
	('4335',342,708,'Leinenkugel\'s Berry Weiss',4.7,8,16,121,4.00),
	('4336',125,708,'Leinenkugel\'s Summer Shandy',4.2,45,22,116,4.00),
	('4337',121,399,'Keystone Light',4.2,69,16,96,4.00),
	('4338',1890,847,'Eye of the Hawk',8.0,53,12,13,8.00),
	('4341',143,588,'Gordon Biersch Schwarzbier',4.3,84,16,86,4.00),
	('4342',1106,588,'Gordon Biersch Czech Lager',5.6,33,16,77,8.00),
	('4343',1020,588,'Gordon Biersch Hefeweizen',5.5,74,16,50,7.00),
	('4347',1141,41,'Barney Flats Oatmeal Stout',5.7,34,16,42,8.00),
	('4352',290,801,'Long Trail Ale',4.6,4,16,57,4.00),
	('4353',1233,801,'Traditional IPA',5.9,87,16,31,8.00),
	('4354',1762,801,'Double Bag Ale',7.2,20,12,60,8.00),
	('4355',590,801,'Long Trail Hefeweizen',5.0,97,16,50,5.00),
	('4356',159,801,'Harvest',4.4,25,22,38,4.00),
	('4357',1258,801,'Hibernator',6.0,45,16,15,8.00),
	('4358',86,801,'Blackbeary Wheat',4.0,33,16,116,4.00),
	('4360',317,801,'Belgian White',4.7,71,16,67,4.00),
	('4362',45,963,'Lone Star Light',3.8,90,22,96,4.00),
	('4363',1818,605,'Commodore Perry IPA',7.5,13,12,31,8.00),
	('4365',1168,605,'Edmund Fitzgerald Porter',5.8,21,16,25,8.00),
	('4366',1429,605,'Eliot Ness Amber Lager',6.2,34,16,95,8.00),
	('4367',1285,605,'Burning River Pale Ale',6.0,59,16,26,8.00),
	('4368',932,605,'Holy Moses',5.4,86,16,72,6.00),
	('4370',379,605,'Ohio City Oatmeal Stout',4.8,87,16,42,4.00),
	('4373',1267,586,'Stockyard Oatmeal Stout',6.0,7,16,21,8.00),
	('4374',307,963,'Lone Star',4.7,22,16,95,4.00),
	('4375',842,1258,'Thomas Hooker Irish Red Ale',5.3,98,16,22,6.00),
	('4377',673,44,'Bud Dry',5.0,58,16,96,5.00),
	('4379',119,44,'Bud Light Lime',4.2,46,22,96,4.00),
	('4383',1047,44,'Bud Ice',5.5,82,16,95,7.00),
	('4384',96,44,'Bud Ice Light',4.1,45,16,95,4.00),
	('4385',817,44,'Michelob Amber Bock',5.2,9,16,95,6.00),
	('4386',659,44,'Michelob Ultra Amber',5.0,69,16,95,5.00),
	('4387',657,44,'Michelob Beer',5.0,46,16,95,5.00),
	('4389',658,44,'Michelob Black & Tan',5.0,20,16,95,5.00),
	('4390',149,44,'Michelob Light',4.3,23,22,96,4.00),
	('4392',469,44,'Michelob Honey Lager',4.9,84,16,95,4.00),
	('4393',116,44,'Michelob Ultra',4.2,8,22,95,4.00),
	('4394',1514,1051,'Redhook Long Hammer IPA',6.5,20,16,31,8.00),
	('4401',2317,1092,'Schlafly Barleywine',11.0,70,8,35,11.00),
	('4406',887,144,'Toasted Lager',5.3,70,16,95,6.00),
	('4407',1230,586,'Goose Island IPA',5.9,20,16,31,8.00),
	('4412',1589,520,'Rockslide IPA',6.7,52,16,31,8.00),
	('4413',907,1224,'420 Extra Pale Ale',5.4,8,16,26,6.00),
	('4416',1497,10,'Abita Jockamo IPA',6.5,78,16,31,8.00),
	('4418',2209,249,'Three Philosophers',9.8,82,12,62,9.00),
	('4419',1231,635,'Harpoon IPA',5.9,53,16,31,8.00),
	('4420',383,634,'Harpoon UFO Hefeweizen',4.8,92,16,50,4.00),
	('4421',515,634,'Harpoon Ale',5.0,46,16,26,4.00),
	('4423',2070,1204,'Stone 11th Anniversery Ale',8.7,33,12,29,9.00),
	('4424',420,1260,'Gumballhead',4.8,47,16,116,4.00),
	('4428',303,39,'Anchor Summer Beer',4.6,65,16,116,4.00),
	('4430',897,813,'Blue Bell Bitter',5.4,34,16,4,6.00),
	('4431',253,509,'Staggering Elk',4.5,64,16,95,4.00),
	('4451',2096,1211,'Fat Dog Stout',9.0,86,12,21,9.00),
	('4452',2230,1211,'Stoudt\'s Double India Pale Ale',10.0,7,8,32,9.00),
	('4457',19,1391,'Dos Perros',3.5,20,22,29,4.00),
	('4458',1128,1391,'Sly Rye Porter',5.7,9,16,25,8.00),
	('4459',1178,1391,'Pale Ale',5.8,38,16,26,8.00),
	('4460',42,1391,'Onward Stout',3.8,99,22,42,4.00),
	('4462',588,1391,'Hefeweizen',5.0,14,16,50,5.00),
	('4463',1193,658,'Gaelic Ale',5.8,13,16,33,8.00),
	('4464',1169,658,'Oatmeal Porter',5.8,5,16,25,8.00),
	('4465',765,658,'St.Terese\'s Pale Ale',5.2,74,16,26,5.00),
	('4466',1087,658,'Kashmir IPA',5.6,45,16,31,7.00),
	('4467',861,658,'Black Mocha Stout',5.3,56,16,42,6.00),
	('4472',2011,765,'Cappuccino Stout',8.3,0,12,42,9.00),
	('4474',1692,47,'Cocoa Loco',7.0,98,12,43,8.00),
	('4477',2006,765,'Lucky 13 Anniversary Release',8.3,39,12,22,9.00),
	('4478',759,530,'Blackberry Ale',5.2,66,16,26,5.00),
	('4480',649,56,'Hell',5.0,64,16,95,5.00),
	('4481',1192,41,'Boont Amber Ale',5.8,56,16,33,8.00),
	('4482',1672,41,'Hop Ottin IPA',7.0,82,12,31,8.00),
	('4483',692,611,'Woodchuck Granny Smith Varietal Draft Cider',5.0,45,16,121,5.00),
	('4484',690,611,'Woodchuck Amber Draft Cider',5.0,28,16,121,5.00),
	('4487',2357,459,'Palo Santo Marron',12.0,46,8,38,12.00),
	('4488',170,1179,'Shiner Bock',4.4,26,22,95,4.00),
	('4489',715,470,'Misfit Red',5.1,4,16,33,5.00),
	('4490',1404,470,'Hellrazer',6.2,87,16,31,8.00),
	('4491',701,470,'Bad Moon Porter',5.1,7,16,25,5.00),
	('4492',630,470,'Blackout',5.0,69,16,86,5.00),
	('4494',1085,470,'Venom',5.6,28,16,26,7.00),
	('4495',1781,242,'Ozzy',7.3,20,12,72,8.00),
	('4496',1697,242,'Resurrection',7.0,78,12,60,8.00),
	('4498',1703,1086,'Damnation',7.0,17,12,72,8.00),
	('4499',1918,1086,'Pliny the Elder',8.0,7,12,32,8.00),
	('45',393,723,'Calabaza Blanca',4.8,78,16,72,4.00),
	('4500',2313,1086,'Pliny the Younger',11.0,76,8,32,11.00),
	('4502',209,1086,'Aud Blonde',4.5,45,16,37,4.00),
	('4506',1189,1262,'Thunderhead IPA',5.8,74,16,31,8.00),
	('4508',1115,41,'Summer Solstice Cerveza Crema',5.6,87,16,113,8.00),
	('4510',2188,520,'Imperial Eclipse Stout',9.5,69,12,43,9.00),
	('4511',477,1224,'Blue',4.9,88,16,121,4.00),
	('4512',719,1224,'Georgia Brown',5.1,64,16,38,5.00),
	('4513',724,1224,'Hummer',5.1,92,16,67,5.00),
	('4515',2288,62,'Maharaja, The',10.5,5,8,32,10.00),
	('4516',2261,62,'Reverend, The',10.0,47,8,62,10.00),
	('4521',917,955,'Orlio Seasonal India Pale Ale',5.4,20,16,31,6.00),
	('4523',234,955,'Orlio Seasonal Black Lager',4.5,69,16,86,4.00),
	('4524',691,611,'Woodchuck Dark and Dry Draft Cider',5.0,87,16,121,5.00),
	('4537',2385,426,'Double Crooked Tree I.P.A.',13.6,13,8,32,14.00),
	('4538',1914,47,'Hopmouth Double IPA',8.0,68,12,32,8.00),
	('4539',677,863,'Red Dog',5.0,20,16,96,5.00),
	('4540',1212,863,'Mickey\'s Ice',5.8,9,16,96,8.00),
	('4544',1608,1247,'Abijah Rowe IPA',6.8,51,16,31,8.00),
	('4545',1147,1247,'Alt',5.7,42,16,57,8.00),
	('4546',1480,1247,'Old Mill Pond ESB',6.5,69,16,5,8.00),
	('4547',864,1247,'Three Steve Stout',5.3,63,16,42,6.00),
	('4548',826,35,'North Pleasant Pale Ale',5.3,56,16,26,6.00),
	('4549',832,35,'Massatucky Brown',5.3,28,16,38,6.00),
	('4550',1594,35,'Two Sisters Imperial Stout',6.7,21,16,43,8.00),
	('4551',944,35,'Heather Ale',5.4,87,16,126,6.00),
	('4552',934,35,'Lewmeister Oktoberfest',5.4,22,16,84,6.00),
	('4553',443,35,'Raspberry Brown Ale',4.9,5,16,38,4.00),
	('4554',448,35,'Workingman\'s Wheat',4.9,92,16,50,4.00),
	('4555',284,35,'Righteous Red',4.6,82,16,33,4.00),
	('4556',970,35,'Graduation Ale',5.5,69,16,26,7.00),
	('4557',399,35,'Patriots Pilsner',4.8,33,16,77,4.00),
	('4558',894,35,'Amherst ESB',5.3,10,16,5,6.00),
	('4559',804,35,'Honey Pilsner',5.2,87,16,77,6.00),
	('4560',278,35,'Puffers Smoked Porter',4.6,47,16,25,4.00),
	('4561',1152,35,'Boltwood Bock',5.7,65,16,90,8.00),
	('4562',285,35,'Bankers Gold',4.6,18,16,37,4.00),
	('4563',1739,35,'Half in the Bagpipe',7.2,74,12,15,8.00),
	('4564',853,35,'Cascade IPA',5.3,89,16,31,6.00),
	('4565',1635,35,'Olde #8 Anniversary Ale',6.8,7,12,57,8.00),
	('4567',1704,113,'Hell\'s Belle',7.0,89,12,72,8.00),
	('4570',1116,399,'Honey Moon Summer Ale',5.6,45,16,116,8.00),
	('4572',1011,113,'Bad Penny',5.5,12,16,38,7.00),
	('4574',370,76,'Antler Brown Ale',4.8,33,16,38,4.00),
	('4576',9,76,'Cliffhanger Light Ale',3.2,3,22,96,4.00),
	('4581',2316,76,'Old \'99 Barley Wine',11.0,76,8,35,11.00),
	('4584',1056,512,'Saranac Adirondack Lager',5.5,28,16,95,7.00),
	('4586',2245,549,'Founders Imperial Stout',10.0,20,8,43,10.00),
	('4587',760,549,'Founders Pale Ale',5.2,3,16,26,5.00),
	('4588',1473,549,'Founders Black Rye',6.4,82,16,119,8.00),
	('4589',2012,549,'Founders Breakfast Stout',8.3,88,12,43,9.00),
	('4590',1723,549,'Rubaeus',7.0,15,12,121,8.00),
	('4591',2160,549,'Curmudgeon',9.3,82,12,13,9.00),
	('4592',2246,549,'Founders Kentucky Breakfast',10.0,69,8,43,10.00),
	('4593',2378,549,'Founders Devil Dancer',13.0,64,8,32,12.00),
	('4594',1474,549,'Founders Red\'s Rye',6.4,33,16,119,8.00),
	('4595',987,512,'Saranac Pale Ale',5.5,78,16,26,7.00),
	('4596',1324,512,'Saranac Brown Ale',6.0,9,16,38,8.00),
	('4597',1188,512,'Saranac India Pale Ale',5.8,8,16,31,8.00),
	('4598',880,512,'Saranac Black Forest',5.3,39,16,86,6.00),
	('4600',413,512,'Saranac Lager',4.8,87,16,95,4.00),
	('4601',343,512,'Pomegranate Wheat',4.7,56,16,121,4.00),
	('4603',873,512,'Saranac Belgian White',5.3,83,16,67,6.00),
	('4604',339,512,'Saranac Summer Ale',4.7,8,16,116,4.00),
	('4605',729,512,'Saranac Golden Pilsner',5.1,39,16,77,5.00),
	('4606',935,512,'Saranac Octoberfest',5.4,33,16,84,6.00),
	('4607',943,512,'Saranac Pumpkin Ale',5.4,28,16,123,6.00),
	('4608',886,512,'Saranac Season\'s Best',5.3,97,16,95,6.00),
	('4609',906,512,'Saranac Caramel Porter',5.4,33,16,25,6.00),
	('4610',1358,512,'Saranac Black Diamond Bock',6.0,86,16,90,8.00),
	('4611',129,512,'Saranac Oatmeal Stout',4.3,87,22,21,4.00),
	('4612',1044,512,'Roggen Bock',5.5,82,16,90,7.00),
	('4614',925,512,'Saranac Nut Brown Ale',5.4,7,16,38,6.00),
	('4615',583,512,'Saranac Mocha Stout',5.0,64,16,42,5.00),
	('4616',955,512,'Saranac Single Malt',5.5,58,16,15,7.00),
	('4617',1242,512,'Saranac Belgian Ale',5.9,78,16,72,8.00),
	('4618',689,512,'Saranac Mountain Ale',5.0,21,16,121,5.00),
	('4620',1359,512,'Saranac Bock',6.0,82,16,90,8.00),
	('4622',954,512,'Saranac Extra Special Bitter',5.5,7,16,5,7.00),
	('4623',2039,512,'Saranac Imperial IPA',8.5,8,12,32,9.00),
	('4624',2122,512,'Saranac Imperial Stout',9.0,78,12,43,9.00),
	('4625',1261,512,'Saranac Scotch Ale',6.0,92,16,15,8.00),
	('4626',1094,674,'Stony Face Red Ale',5.6,31,16,33,7.00),
	('4627',20,538,'Humbles Blond Ale',3.5,41,22,37,4.00),
	('4628',69,538,'Heat Seeker Hefe',4.0,53,22,50,4.00),
	('4629',76,538,'Catalina Common Lager',4.0,7,22,95,4.00),
	('4630',58,538,'Spitfire Best Bitter',4.0,8,16,3,4.00),
	('4631',1291,538,'Afterburner IPA',6.0,90,16,31,8.00),
	('4632',2080,441,'Hop Henge Imperial IPA',8.8,45,12,32,9.00),
	('4633',203,538,'First Flight Amber Ale',4.5,46,22,33,4.00),
	('4634',566,538,'Barnstormer Brown Ale',5.0,86,16,38,5.00),
	('4635',963,538,'Peacemaker Porter',5.5,22,16,25,7.00),
	('4636',2249,538,'Sick Duck Imperial Stout',10.0,87,8,43,10.00),
	('4645',1886,1286,'Scratch #7 2008',7.9,33,12,55,8.00),
	('4646',428,1286,'Scratch #11 2008',4.9,41,16,3,4.00),
	('4647',2279,1286,'Scratch #10 2008',10.2,34,8,61,10.00),
	('4648',2273,1286,'Scratch #8 2008',10.1,2,8,61,10.00),
	('4649',735,1286,'Scratch #6 2007',5.1,71,16,95,5.00),
	('4653',1745,1204,'Oaked Arrogant Bastard Ale',7.2,10,12,30,8.00),
	('4659',1904,459,'Raison D\'Etre',8.0,20,12,29,8.00),
	('4660',2397,459,'Fort',18.0,68,8,121,17.00),
	('4661',62,459,'Lawnmower',4.0,20,22,26,4.00),
	('4663',2269,459,'Black & Blue',10.0,62,8,121,10.00),
	('4664',2263,459,'Red & White',10.0,78,8,67,10.00),
	('4665',1721,459,'Aprihop',7.0,68,12,121,8.00),
	('4666',1140,1235,'Tap Room No. 21 Amber Ale',5.7,26,16,33,8.00),
	('4669',2198,459,'Chateau Jiahu',9.5,91,12,126,9.00),
	('4670',431,1248,'Pipe Organ Pale Ale',4.9,3,16,26,4.00),
	('4672',2128,1248,'Millennium Trippel',9.0,17,12,61,9.00),
	('4673',95,1248,'Celestial Gold',4.1,87,22,77,4.00),
	('4674',351,1248,'Blast Furnace Oatmeal Stout',4.8,45,16,21,4.00),
	('4675',808,1248,'Church Brew Oktoberfest',5.2,92,16,84,6.00),
	('4676',1715,1248,'Mad Brewer Maibock',7.0,63,12,91,8.00),
	('4677',220,1248,'Heavenly Hefeweizen',4.5,47,16,50,4.00),
	('4678',1516,1286,'Scratch #12 2008',6.5,92,16,31,8.00),
	('4682',2189,1013,'Kate The Great Russian Imperial Stout',9.5,21,12,43,9.00),
	('4683',2384,1260,'Dark Lord Russian Imperial Stout',13.0,56,8,43,14.00),
	('4684',151,1244,'Light Weight',4.3,59,22,37,4.00),
	('4685',742,1244,'Donovan\'s Red',5.2,71,16,33,5.00),
	('4686',945,1244,'Pappy\'s Porter',5.4,45,16,25,6.00),
	('4687',741,1244,'Holy Cow IPA',5.2,27,16,31,5.00),
	('4688',1519,1244,'Alena',6.5,91,16,32,8.00),
	('4689',508,1244,'Broken Spoke',5.0,86,16,26,4.00),
	('4690',1132,1244,'El Jefe',5.7,86,16,31,8.00),
	('4691',1912,1244,'Heady Topper',8.0,92,12,32,8.00),
	('4692',1640,1244,'Heathen',6.9,20,12,31,8.00),
	('4693',1920,1244,'Hellbrook',8.0,47,12,33,8.00),
	('4694',1873,1244,'Holy Moly',7.8,56,12,32,8.00),
	('4695',1577,1244,'Mortal Sin',6.7,49,16,31,8.00),
	('4696',489,1244,'Piston Bitter',5.0,21,16,5,4.00),
	('4698',1555,1244,'Revitalization Rye',6.5,78,16,119,8.00),
	('4699',10,1244,'Shut The Hell Up',3.3,14,22,10,4.00),
	('4708',2324,441,'The Abyss',11.0,33,8,43,12.00),
	('4709',771,441,'Green Lakes Organic Ale',5.2,20,16,33,5.00),
	('4710',896,441,'Bachelor Bitter',5.4,14,16,3,6.00),
	('4711',537,441,'Twilight Ale',5.0,86,16,26,4.00),
	('4712',1355,441,'Brocken Top Bock',6.0,78,16,90,8.00),
	('4721',332,826,'Landshark Lager',4.7,19,16,96,4.00),
	('4722',269,857,'Middle Ages Apricot Ale',4.5,53,16,121,4.00),
	('4723',1573,857,'Black Heart Stout',6.6,42,16,42,8.00),
	('4724',2183,857,'Druid Fluid',9.5,8,12,35,9.00),
	('4725',493,857,'Highlander 80/-',5.0,20,16,15,4.00),
	('4726',2094,857,'Kilt Tilter',9.0,20,12,15,9.00),
	('4727',1562,857,'Old Marcus Ale',6.6,24,16,5,8.00),
	('4728',305,857,'Middle Ages Raspberry Ale',4.6,49,16,121,4.00),
	('4729',389,857,'Swallow Wit',4.8,7,16,67,4.00),
	('4730',535,857,'Syracuse Pale Ale',5.0,20,16,26,4.00),
	('4731',2232,857,'Tenth Anniversery Ale',10.0,47,8,32,9.00),
	('4732',1483,857,'The Duke of Winship',6.5,87,16,15,8.00),
	('4734',1452,857,'Winter Wheat',6.3,92,16,116,8.00),
	('4735',1634,857,'Wizard\'s Winter Ale',6.8,98,12,141,8.00),
	('4739',1288,144,'Spring Fling',6.0,98,16,26,8.00),
	('4741',2071,956,'Gordon',8.7,8,12,32,9.00),
	('4742',1491,956,'Dale\'s Pale Ale',6.5,31,16,26,8.00),
	('4743',1896,956,'Old Chub',8.0,66,12,15,8.00),
	('4744',2250,956,'Ten Fidy',10.0,45,8,43,10.00),
	('4745',573,956,'One Nut Brown Ale',5.0,77,16,38,5.00),
	('4747',390,848,'White Ale',4.8,58,16,67,4.00),
	('4749',1191,100,'Big Porch Ale',5.8,8,16,33,8.00),
	('4751',1107,960,'Pilsener Lager',5.6,8,16,77,8.00),
	('4752',5,960,'Arthur\'s Mild Ale',3.2,55,22,10,4.00),
	('4754',2351,960,'Old Fugget',11.8,82,8,35,13.00),
	('4755',1734,960,'Otto\'s Hefeweizen',7.1,35,12,50,8.00),
	('4756',1760,960,'Otto\'s Weizenbock',7.2,13,12,55,8.00),
	('4757',2256,882,'Dixie Crystal',10.0,91,8,61,10.00),
	('4758',1558,954,'Orange Blossom Pilsner',6.5,86,16,121,8.00),
	('4759',1475,882,'Road Trip Hard Cider',6.4,8,16,121,8.00),
	('4760',391,882,'Wild Wacky Wit',4.8,47,16,67,4.00),
	('4761',462,882,'Savannah Fest',4.9,62,16,91,4.00),
	('4762',1679,882,'Swamp Fox IPA',7.0,20,12,31,8.00),
	('4763',1282,882,'The Captains Porter',6.0,25,16,25,8.00),
	('4764',1310,456,'Dock Street Amber',6.0,82,16,33,8.00),
	('4765',396,456,'Bohemian Dock Street Pilsner',4.8,86,16,77,4.00),
	('4766',1623,456,'Rye IPA',6.8,21,12,31,8.00),
	('4767',687,456,'Summer Session',5.0,20,16,116,5.00),
	('4768',1018,456,'Satellite Stout',5.5,20,16,42,7.00),
	('4769',1735,456,'Bubbly Wit',7.1,82,12,67,8.00),
	('4770',1732,780,'Hedonism Ale',7.1,16,12,33,8.00),
	('4771',388,780,'Midnight Wit',4.8,98,16,67,4.00),
	('4772',2227,780,'Hoptimus Prime',10.0,91,8,32,9.00),
	('4773',224,780,'Brown Aged Girl',4.5,64,16,57,4.00),
	('4777',2030,404,'Idiot IPA',8.5,3,12,31,9.00),
	('4782',1683,609,'West Coast IPA',7.0,87,12,31,8.00),
	('4783',1603,507,'Railbender Ale',6.8,54,16,15,8.00),
	('4784',115,507,'Presque Isle Pilsner',4.2,33,22,77,4.00),
	('4785',977,507,'Mad Anthony\'s Ale',5.5,92,16,26,7.00),
	('4786',1507,507,'Misery Bay IPA',6.5,46,16,31,8.00),
	('4787',930,507,'Heritage Alt Beer',5.4,20,16,57,6.00),
	('4788',2058,507,'Golden Fleece Maibock',8.5,31,12,91,9.00),
	('4789',1879,507,'Fallenbock',7.8,96,12,84,8.00),
	('4790',71,507,'Sunshie Wit',4.0,87,22,67,4.00),
	('4791',2271,507,'Ol\' Red Cease and Desist',10.1,55,8,15,10.00),
	('4792',1604,507,'Drake\'s Crude',6.8,38,16,21,8.00),
	('4799',1498,919,'Acme California IPA',6.5,20,16,31,8.00),
	('4801',2229,1204,'Stone 10th Anniversery IPA',10.0,98,8,32,9.00),
	('4802',1136,381,'Amber Ale',5.7,24,16,33,8.00),
	('4804',831,908,'Sundog',5.3,21,16,33,6.00),
	('4805',1485,908,'The Poet',6.5,20,16,21,8.00),
	('4806',2283,853,'Russian Imperial Stout',10.4,91,8,43,10.00),
	('4807',976,853,'Mackinac Pale Ale',5.5,53,16,26,7.00),
	('4809',571,853,'Nut Brown Ale',5.0,53,16,38,5.00),
	('4810',670,853,'Sunset Amber Lager',5.0,31,16,95,5.00),
	('4811',503,853,'Peninsula Porter',5.0,47,16,25,4.00),
	('4812',538,853,'Wheatland Wheat',5.0,82,16,26,4.00),
	('4813',49,853,'Celis Raspberry',3.9,15,16,72,4.00),
	('4814',48,853,'Celis Pale Bock',3.9,14,16,72,4.00),
	('4815',1860,853,'Celis Grand Cru',7.6,46,12,72,8.00),
	('4816',637,853,'Big Mac',5.0,92,16,95,5.00),
	('4817',67,853,'Bavarian Dark',4.0,45,22,38,4.00),
	('4818',80,853,'Hamtramck',4.0,78,22,95,4.00),
	('4819',786,853,'Superior Stout',5.2,58,16,42,5.00),
	('4824',1515,1086,'Russian River IPA',6.5,53,16,31,8.00),
	('4825',1119,1086,'Dead Leaf Green',5.7,92,16,4,8.00),
	('4826',1065,1086,'Lap Dance Pale Ale',5.6,31,16,26,7.00),
	('4827',1080,1086,'Parking Violation',5.6,13,16,26,7.00),
	('4828',1111,1086,'Beer Esteem',5.6,20,16,95,8.00),
	('4829',672,700,'Vienna Red Lager',5.0,7,16,95,5.00),
	('4830',2072,858,'Mars - Belgian Imperial Red IPA',8.7,56,12,32,9.00),
	('4831',497,858,'Earth - Belgian Style Chocolate Milk Stout',5.0,68,16,20,4.00),
	('4832',1537,858,'Mercury - Belgian Style Small Beer',6.5,20,16,72,8.00),
	('4833',2346,858,'Lust',11.5,9,8,66,12.00),
	('4834',1532,858,'Pride',6.5,33,16,65,8.00),
	('4835',2278,858,'Sloth',10.2,16,8,43,10.00),
	('4836',2000,858,'Wrath',8.2,67,12,72,9.00),
	('4837',600,858,'Greed',5.0,87,16,64,5.00),
	('4839',2287,858,'Gluttony',10.5,12,8,32,10.00),
	('484',2217,1204,'Double Bastard Ale',10.0,69,12,26,9.00),
	('4844',2329,908,'Existential',11.1,20,8,35,12.00),
	('4845',2240,908,'Pilgrim\'s Dole',10.0,33,8,35,10.00),
	('4847',775,908,'Ichabod',5.2,87,16,35,5.00),
	('4849',2308,908,'Night Tripper',10.8,92,8,43,11.00),
	('4851',33,1219,'Woody\'s Light',3.6,47,16,26,4.00),
	('4852',552,1219,'Grateful Red',5.0,53,16,33,4.00),
	('4853',1674,1219,'Lost Sailor',7.0,33,12,31,8.00),
	('4854',112,1219,'Sully\'s Irish Stout',4.2,86,16,42,4.00),
	('4855',852,1219,'Pirate\'s Porter',5.3,17,16,29,6.00),
	('4856',1153,1219,'Marzen',5.7,39,16,95,8.00),
	('4857',39,1219,'.38 Special Bitter',3.8,92,22,3,4.00),
	('4861',1114,978,'Pete\'s Wicked Wanderlust Cream Ale',5.6,28,16,113,8.00),
	('4862',2105,609,'Green Flash Imperial India Pale Ale',9.0,69,12,32,9.00),
	('4864',8,114,'Buck Naked',3.2,7,22,96,4.00),
	('4865',758,114,'Big Buck Beer',5.2,51,16,26,5.00),
	('4866',421,114,'Raspberry Wheat',4.8,9,16,116,4.00),
	('4868',473,705,'Apricot Wheat',4.9,26,16,116,4.00),
	('4869',442,705,'Nut Brown',4.9,23,16,38,4.00),
	('4870',1689,705,'Cascazilla',7.0,68,12,33,8.00),
	('4871',1909,705,'Flower Power India Pale Ale',8.0,45,12,31,8.00),
	('4872',684,705,'Partly Sunny',5.0,56,16,116,5.00),
	('4873',2181,1243,'Rye Squared',9.5,99,12,32,9.00),
	('4874',753,1173,'Southern Tier Porter',5.2,54,16,25,5.00),
	('4875',2129,1173,'Southern Tier Tripel',9.0,89,12,61,9.00),
	('4876',1935,1173,'Old Man Winter Ale',8.0,21,12,57,8.00),
	('4877',1121,1173,'Southern Tier Harvest Ale',5.7,68,16,5,8.00),
	('4878',261,1173,'Hop Sun',4.5,46,16,116,4.00),
	('4880',434,1173,'Chautauqua Brew',4.9,42,16,33,4.00),
	('4881',441,708,'Fireside Nut Brown',4.9,1,16,38,4.00),
	('4882',1932,1173,'Heavy Weizen Imperial Unfiltered Wheat Ale',8.0,46,12,50,8.00),
	('4883',2182,1173,'Big Red Imperial Red Ale',9.5,33,12,33,9.00),
	('4884',2314,1173,'Unearthly Imperial India Pale Ale',11.0,73,8,32,11.00),
	('4885',2360,1173,'Jahva Imperial Coffee Stout',12.0,21,8,43,12.00),
	('4886',2145,1173,'Pumking Imperial Pumpkin Ale',9.0,49,12,123,9.00),
	('4887',2215,1173,'Creme Brulee Imperial Milk Stout',10.0,46,12,20,9.00),
	('4888',2320,1173,'Choklat',11.0,82,8,43,11.00),
	('4889',1962,1173,'Imperial Cherry Saison',8.0,20,12,74,8.00),
	('489',1602,590,'Cow Palace Scotch Ale',6.8,50,16,15,8.00),
	('4890',266,723,'Weizen Bam BiМДе¬re',4.5,87,16,116,4.00),
	('4891',319,723,'E.S. Bam',4.7,21,16,74,4.00),
	('4892',142,723,'Bam Noire',4.3,82,16,74,4.00),
	('4893',1980,723,'Madrugada Obscura',8.1,78,12,42,8.00),
	('4894',1386,723,'Fuego del Otono',6.1,64,16,33,8.00),
	('4896',2210,1243,'Terrapin Monk\'s Revenge',9.8,22,12,72,9.00),
	('4902',259,56,'Dirty Blond',4.5,56,16,116,4.00),
	('4903',1283,56,'Vanilla Java Porter',6.0,61,16,25,8.00),
	('4904',2197,56,'Voodoo Vator',9.5,68,12,92,9.00),
	('4905',1305,56,'Salvation',6.0,10,16,31,8.00),
	('4906',557,56,'Rost',5.0,31,16,33,5.00),
	('4907',1850,56,'MAI-BOCK',7.5,70,12,90,8.00),
	('4908',551,463,'Erik the Red',5.0,20,16,33,4.00),
	('4909',738,463,'Nagelweiss',5.1,58,16,116,5.00),
	('4910',2054,463,'Final Absolution',8.5,92,12,72,9.00),
	('4911',2348,463,'Armageddon Grand Cru',11.6,20,8,72,13.00),
	('4912',1630,463,'Bronze Griffin',6.8,87,12,72,8.00),
	('4913',1957,463,'Dead Monk Abbey Ale',8.0,33,12,72,8.00),
	('4914',1295,463,'Broken Paddle',6.0,49,16,31,8.00),
	('4915',547,463,'Crooked Door',5.0,21,16,33,4.00),
	('4917',175,463,'Breath of the Dragon English Bitter',4.5,76,16,1,4.00),
	('4918',1777,1149,'Righteous Ale',7.2,58,12,119,8.00),
	('4927',923,44,'Beach Bum Blonde Ale',5.4,31,16,37,6.00),
	('4928',1052,751,'Longboard Lager',5.5,46,16,95,7.00),
	('4936',456,1286,'Scratch #13 2008',4.9,33,16,84,4.00),
	('4937',1597,1286,'Scratch #14 2008',6.7,27,16,74,8.00),
	('4939',528,853,'Sebewaing Beer',5.0,31,16,26,4.00),
	('4940',79,853,'Golden Pheasant',4.0,9,22,95,4.00),
	('4941',712,44,'Budweiser American Ale',5.1,24,16,33,5.00),
	('4942',793,1031,'Pyramid Hefe Weizen',5.2,82,16,50,5.00),
	('4944',739,1031,'Pyramid Apricot Weizen',5.1,52,16,121,5.00),
	('4945',1062,1031,'Pyramid Amber Weizen',5.5,87,16,116,7.00),
	('4946',1588,1031,'Pyramid Thunderhead IPA',6.7,58,16,31,8.00),
	('4947',1616,144,'Hoptical Illusion',6.8,33,12,31,8.00),
	('4948',306,1000,'Mamma Mia! Pizza Beer',4.6,39,16,126,4.00),
	('4954',2367,858,'The Viking Belgian-style Dark Strong Ale',12.0,87,8,66,13.00),
	('4955',2078,858,'Pluto - Belgian-style Golden Strong Ale',8.7,28,12,72,9.00),
	('4957',553,858,'Oosik Amber Ale',5.0,92,16,33,4.00),
	('4958',1257,858,'Full Curl Scotch Ale',6.0,87,16,15,8.00),
	('4959',1333,858,'Mammoth Extra Stout',6.0,8,16,42,8.00),
	('4960',1499,1149,'Bengali Tiger',6.5,64,16,31,8.00),
	('4961',921,604,'Ridgeline Amber',5.4,68,16,33,6.00),
	('4962',1222,604,'St. Bridget\'s Porter',5.9,13,16,25,8.00),
	('4963',1117,604,'Wild Raspberry Ale',5.6,20,16,121,8.00),
	('4964',1791,604,'Hades',7.3,20,12,65,8.00),
	('4965',2139,609,'Le Freak Belgian Style IPA',9.0,100,12,72,9.00),
	('4968',1631,259,'Saison De Brooklyn',6.8,68,12,74,8.00),
	('4969',1648,1204,'Stone Cali-Belgique',6.9,13,12,72,8.00),
	('4970',128,1383,'Yards Brawler',4.3,92,22,1,4.00),
	('4971',283,1383,'Yards Philadelphia Pale Ale',4.6,86,16,26,4.00),
	('4972',1317,1383,'Yards Extra Special Ale',6.0,41,16,33,8.00),
	('4973',1685,1383,'Yards India Pale Ale',7.0,20,12,31,8.00),
	('4974',217,1383,'Yards Love Stout',4.5,98,16,42,4.00),
	('4975',1512,905,'Ranger India Pale Ale',6.5,87,16,31,8.00),
	('4976',695,1383,'Poor Richard\'s Tavern Spruce Ale',5.0,92,16,126,5.00),
	('4978',425,634,'UFO Raspberry Hefeweizen',4.8,86,16,121,4.00),
	('4979',137,634,'Harpoon Brown Session Ale',4.3,9,16,38,4.00),
	('4980',1472,1142,'Glissade Golden Bock',6.4,91,16,91,8.00),
	('4981',1013,634,'Harpoon Munich Dark',5.5,12,16,38,7.00),
	('4982',730,976,'Shouboushi Ginger Pilsner',5.1,49,16,77,5.00),
	('4984',711,976,'Halligan IPA',5.1,60,16,31,5.00),
	('4987',2093,976,'Bagpiper\'s Scottish Ale',9.0,78,12,15,9.00),
	('4988',550,976,'Engine 5',5.0,45,16,33,4.00),
	('4989',1982,976,'Pozharnik',8.1,64,12,43,8.00),
	('4991',631,976,'Feuerwehrmann Schwarzbier',5.0,21,16,86,5.00),
	('4992',1502,1009,'High Tide IPA',6.5,22,16,31,8.00),
	('4994',2143,1072,'Double Dead Guy Ale',9.0,48,12,92,9.00),
	('4995',347,10,'Abita Purple Haze',4.8,69,16,116,4.00),
	('4996',1724,459,'Punkin Ale',7.0,83,12,123,8.00),
	('4997',1755,1142,'Torpedo Extra IPA',7.2,85,12,31,8.00),
	('4998',872,520,'Foggy Goggle Belgian White',5.3,15,16,67,6.00),
	('4999',2298,1142,'Sierra Nevada Imperial Stout',10.5,56,8,43,11.00),
	('5001',1063,44,'Jack\'s Pumpkin Spice Ale',5.5,68,16,123,7.00),
	('5002',890,44,'Sun Dog Amber Wheat',5.3,1,16,116,6.00),
	('5003',2375,1173,'Oat Imperial Oatmeal Stout',12.5,9,8,43,13.00),
	('5005',599,1301,'Headless Man Amber Alt',5.0,23,16,57,5.00),
	('5006',1323,1301,'Rocky\'s Revenge',6.0,34,16,38,8.00),
	('5007',833,1301,'Fargo Brothers Hefeweizen',5.3,87,16,50,6.00),
	('5008',1038,1301,'Gemuetlichkeit Oktoberfest',5.5,73,16,84,7.00),
	('5010',1960,858,'Saturn - Belgian-style Fresh Hop IPA',8.0,13,12,72,8.00),
	('5011',1311,609,'Hop Hed Red Ale',6.0,56,16,33,8.00),
	('5012',1622,686,'Nectar IPA',6.8,69,12,31,8.00),
	('5013',1877,476,'Ugly American',7.8,92,12,61,8.00),
	('5014',226,476,'East End Witte',4.5,82,16,67,4.00),
	('5015',1183,476,'Big Hop IPA',5.8,66,16,31,8.00),
	('5022',766,314,'Wet Hop Requiem IPA',5.2,33,16,31,5.00),
	('5024',236,1038,'Blonde Lager',4.5,28,16,95,4.00),
	('5025',207,1038,'Rahr\'s Red',4.5,28,22,33,4.00),
	('5026',200,1038,'Buffalo Butt',4.5,8,16,33,4.00),
	('5027',235,1038,'Ugly Pug',4.5,21,16,86,4.00),
	('5028',1308,1038,'Stormcould IPA',6.0,86,16,31,8.00),
	('5030',1967,1038,'Rahr\'s Bucking Bock',8.0,45,12,91,8.00),
	('5031',1024,1038,'Rahr\'s Summertime Wheat',5.5,57,16,50,7.00),
	('5032',1041,1038,'Rahr\'s Oktoberfest',5.5,70,16,84,7.00),
	('5033',2147,1038,'Rahr\'s Winter Warmer',9.0,91,12,141,9.00),
	('5034',2199,1038,'Bourbon Barrel Aged Winter Warmer',9.5,31,12,141,9.00),
	('5036',1706,1251,'Avant Garde',7.0,26,12,74,8.00),
	('5037',1844,1251,'Lost and Found Abbey Ale',7.5,62,12,72,8.00),
	('5038',1596,1251,'Red Barn Ale',6.7,66,16,74,8.00),
	('5039',2300,1251,'Judgement Day',10.5,57,8,62,11.00),
	('5040',1437,1251,'Devotion',6.3,12,16,64,8.00),
	('5041',2297,1251,'Serpents Stout',10.5,16,8,43,10.00),
	('5042',1053,259,'Oktoberfest',5.5,20,16,95,7.00),
	('5048',2131,259,'Local 1',9.0,26,12,65,9.00),
	('5059',543,960,'Slab Cabin IPA',5.0,13,16,31,4.00),
	('5061',472,1179,'Shiner Bohemian Black Lager',4.9,14,16,95,4.00),
	('5062',2119,960,'Jolly Roger Imperial Stout',9.0,58,12,43,9.00),
	('5063',1266,1286,'Scratch #15 2008',6.0,98,16,21,8.00),
	('5065',1584,1142,'Chico Estate Harvest Ale',6.7,52,16,31,8.00),
	('5066',1582,1142,'Southern Hemisphere Harvest Fresh Hop  Ale',6.7,22,16,26,8.00),
	('5067',1959,1093,'Pays du Soleil',8.0,56,12,72,8.00),
	('5068',1421,1352,'Alpha',6.2,55,16,64,8.00),
	('5069',1553,1352,'Bravo',6.5,47,16,116,8.00),
	('5075',30,1125,'Sea Dog Apricot Wheat',3.5,86,22,121,4.00),
	('5076',31,1125,'Sea Dog Blue Paw Wheat',3.5,0,22,121,4.00),
	('5077',1388,1031,'Pyramid Broken Rake',6.1,82,16,33,8.00),
	('5084',1387,833,'Marzoni\'s Amber Lager',6.1,86,16,33,8.00),
	('5085',36,833,'Locke Mountain Light',3.7,24,16,96,4.00),
	('5086',337,833,'Highway 22 Wheat',4.7,0,16,116,4.00),
	('5087',1639,833,'Avalanche IPA',6.9,78,12,31,8.00),
	('5088',983,833,'Patchway Pale Ale',5.5,7,16,26,7.00),
	('5089',1390,833,'Stone Mason Stout',6.1,33,16,42,8.00),
	('5097',700,1061,'Shepard\'s Crook Scotish Ale',5.1,98,16,15,5.00),
	('5098',857,1061,'LeRoy\'s Brown Ale',5.3,61,16,38,6.00),
	('5099',978,1061,'Melting Pot Pale Ale',5.5,87,16,26,7.00),
	('5100',1411,1061,'Old Wylie\'s IPA',6.2,47,16,31,8.00),
	('5107',321,82,'Baron Pilsner',4.7,66,16,77,4.00),
	('5108',458,82,'Baron Schwarzbier',4.9,20,16,86,4.00),
	('5110',1471,82,'Baron Helles Bock',6.4,66,16,91,8.00),
	('5112',1009,919,'Red Seal Ale',5.5,46,16,33,7.00),
	('5113',2394,858,'Venus - Belgian-style Quadrupel',16.0,53,8,62,15.00),
	('5114',1880,858,'Imperial Chocolate Pumpkin Porter',7.8,53,12,123,8.00),
	('5115',2073,858,'Obliteration IV',8.7,13,12,32,9.00),
	('5116',1029,157,'Samuel Adams Blackberry Witbier',5.5,53,16,67,7.00),
	('5117',271,1136,'Pumpkinhead Ale',4.5,87,16,123,4.00),
	('5118',2280,1221,'Darkness',10.3,30,8,43,10.00),
	('5119',1727,1136,'Pugsley\'s Signature Series Imperial Porter',7.1,45,12,25,8.00),
	('5120',2040,1136,'Pugsley\'s Signature Series Barley Wine Style Ale',8.5,74,12,35,9.00),
	('5122',878,1379,'B3K Schwarzbier',5.3,89,16,86,6.00),
	('5123',424,1379,'Wixa Weiss',4.8,64,16,116,4.00),
	('5125',627,1379,'Two Guns Pilsner',5.0,13,16,77,5.00),
	('5127',1389,1379,'Sagebrush Stout',6.1,22,16,42,8.00),
	('5129',1379,531,'Angry Planet Pale Ale',6.1,98,16,26,8.00),
	('5130',797,531,'Flat Earth Belgian-style Pale Ale',5.2,56,16,64,5.00),
	('5131',992,44,'Michelob Dunkel Weisse',5.5,94,16,29,7.00),
	('5133',546,68,'Calico Amber Ale',5.0,69,16,33,4.00),
	('5134',1270,68,'Black Marlin Porter',6.0,9,16,25,8.00),
	('5135',72,68,'Wahoo Wheat Beer',4.0,68,22,67,4.00),
	('5136',2326,954,'Orange Blossom Pilsner Мве_',11.0,56,8,121,12.00),
	('5138',1881,1352,'Delta Ale',7.8,44,12,126,8.00),
	('5147',1082,1182,'Seven Gates Pale Ale',5.6,20,16,26,7.00),
	('5148',2171,1182,'Two Front Teeth Holiday Ale',9.4,39,12,74,9.00),
	('5152',214,1181,'Sprecher Pub Ale',4.5,68,16,38,4.00),
	('5153',1156,1181,'Sprecher Irish Stout',5.7,22,16,42,8.00),
	('5154',1453,1286,'Scratch #16 2008',6.3,49,16,141,8.00),
	('5155',723,1170,'Altbier',5.1,42,16,57,5.00),
	('5156',386,1160,'Smuttynose Winter Ale',4.8,91,16,60,4.00),
	('5157',312,1160,'Shoals Pale Ale',4.7,88,16,26,4.00),
	('5158',1236,1160,'Old Brown Dog Ale',5.9,31,16,38,8.00),
	('5160',1089,1160,'Smuttynose Finestkind IPA',5.6,53,16,31,7.00),
	('5161',905,1160,'Robust Porter',5.4,99,16,25,6.00),
	('5162',1766,858,'Uranus - 100% Brettanomyces Golden Ale',7.2,87,12,72,8.00),
	('5165',2079,62,'Ale To The Chief',8.8,87,12,32,9.00),
	('5166',316,1081,'White Horse Hefeweizen',4.7,27,16,50,4.00),
	('5167',247,1081,'Lovitz Lager \"Watermelon Lager\"',4.5,7,16,95,4.00),
	('5169',1316,1081,'Truly Honest Ale',6.0,1,16,33,8.00),
	('5170',1369,1081,'Ichabod\'s Midnight Ride',6.0,28,16,123,8.00),
	('5171',1825,1081,'Daddy Fat Sacs Imperial IPA',7.5,45,12,32,8.00),
	('5172',1425,94,'Late Harvest Fest Lager',6.2,70,16,84,8.00),
	('5173',1286,39,'Liberty Ale',6.0,62,16,26,8.00),
	('5177',2311,1173,'Oak Aged Unearthly Imperial Pale Ale',11.0,33,8,32,11.00),
	('5180',1993,765,'Hop Stoopid',8.2,43,12,32,9.00),
	('5182',1976,459,'Zwaanend,ale',8.0,7,12,119,8.00),
	('5183',2152,892,'Moylans Hopsickle Imperial Ale',9.2,45,12,32,9.00),
	('5186',772,1149,'Hop Obama',5.2,69,16,33,5.00),
	('5187',1108,1286,'Scratch #17 2009',5.6,56,16,77,8.00),
	('5188',1796,1286,'Scratch #18 2009',7.3,45,12,119,8.00),
	('5190',2187,604,'Espresso Oak Aged Yeti',9.5,20,12,43,9.00),
	('5192',1983,520,'Trifecta Belgian Style Tripel',8.1,86,12,61,8.00),
	('5194',242,929,'Forty-Niner Gold Lager',4.5,87,16,95,4.00),
	('5195',221,929,'Horseshoe Hefeweizen',4.5,9,16,50,4.00),
	('5196',968,929,'Doc\'s Pale Ale',5.5,46,16,26,7.00),
	('5197',1005,929,'Oak Creek Amber Ale',5.5,38,16,33,7.00),
	('5198',1326,929,'Village Nut Brown Ale',6.0,7,16,38,8.00),
	('5201',1296,384,'Climax IPA',6.0,68,16,31,8.00),
	('5202',952,384,'Climax Extra Special Bitter Ale',5.5,31,16,5,7.00),
	('5203',778,384,'Climax Nut Brown Ale',5.2,53,16,38,5.00),
	('5205',2237,384,'Climax Barleywine-Style Ale',10.0,86,8,35,10.00),
	('5206',406,384,'Climax Helles',4.8,21,16,91,4.00),
	('5207',1424,384,'Climax Oktoberfest',6.2,1,16,84,8.00),
	('5208',1969,384,'Climax Doppel Bock',8.0,53,12,92,8.00),
	('5209',682,384,'Climax Wheat Ale',5.0,33,16,116,5.00),
	('5210',874,956,'Mama\'s Little Yella Pils',5.3,23,16,77,6.00),
	('5213',1824,1182,'Beyond The Gates Double IPA',7.5,87,12,32,8.00),
	('5214',1809,771,'Baltic Porter',7.5,78,12,25,8.00),
	('5215',1280,771,'Shoo-Fly Porter',6.0,1,16,25,8.00),
	('5218',1591,1326,'Wild Devil Ale',6.7,27,16,31,8.00),
	('5219',1846,1326,'Helios',7.5,55,12,74,8.00),
	('5220',195,858,'Rondy Brew 2009',4.5,38,22,26,4.00),
	('5221',1870,858,'Oak-Aged Imperial Chocolate Pumpkin Porter',7.8,19,12,25,8.00),
	('5223',1716,1211,'Smooth Hoperator',7.0,90,12,92,8.00),
	('5224',889,44,'Michelob Hop Hound Amber Wheat',5.3,97,16,116,6.00),
	('5227',1705,1055,'Richbrau Abbey-Style Ale',7.0,1,12,72,8.00),
	('5228',750,1055,'Richbrau Oatmeal Stout',5.2,96,16,21,5.00),
	('5229',1149,1055,'Santa\'s Little Helper Witbier',5.7,67,16,67,8.00),
	('5230',2372,1055,'Richbrau Barleywine',12.3,7,8,35,13.00),
	('5231',1412,1055,'Richbrau India Pale Ale',6.2,9,16,31,8.00),
	('5232',1458,1055,'Big Nasty Porter',6.4,92,16,25,8.00),
	('5233',979,1055,'Old Nick Pale Ale',5.5,68,16,26,7.00),
	('5234',777,1055,'Griffin Golden Ale',5.2,20,16,37,5.00),
	('5235',496,876,'Apache Trout Stout',5.0,87,16,20,4.00),
	('5236',559,876,'Wapiti Amber Ale',5.0,7,16,33,5.00),
	('5237',534,876,'Superstition Pale Ale',5.0,78,16,26,4.00),
	('5239',1730,876,'Horny Toad IPA',7.1,10,12,31,8.00),
	('5240',1349,787,'Farm Girl Saison',6.0,31,16,74,8.00),
	('5241',975,787,'Lift Bridge Pale Ale',5.5,20,16,26,7.00),
	('5242',1699,787,'Biscotti',7.0,64,12,66,8.00),
	('5243',1743,787,'HarvestМДе¦r Fresh Hop Ale',7.2,90,12,26,8.00),
	('5245',703,462,'Double Mountain Pale Ale',5.1,47,16,26,5.00),
	('5246',1617,462,'India Red Ale (The \"IRA\")',6.8,8,12,31,8.00),
	('5247',1671,462,'Hop Lava',7.0,86,12,31,8.00),
	('5248',1104,462,'Double Mountain Altbier',5.6,82,16,57,8.00),
	('5250',225,1090,'Abbey Extra',4.5,86,16,64,4.00),
	('5251',1701,1090,'Abbey IPA',7.0,33,12,72,8.00),
	('5252',59,1090,'Barristers Bitter',4.0,56,16,5,4.00),
	('5253',1547,1090,'Sacramento Bock',6.5,68,16,90,8.00),
	('5254',237,1090,'Brewhouse Lager',4.5,87,16,95,4.00),
	('5255',924,1090,'Sacramento Nut Brown Ale',5.4,98,16,38,6.00),
	('5256',1125,1245,'Hellsmoke Porter',5.7,7,16,25,8.00),
	('5257',1839,1245,'Wheatley Hills Weizenbock',7.5,20,12,50,8.00),
	('5258',47,1245,'Long Island Potato Stout',3.9,47,16,42,4.00),
	('5259',606,1245,'Old Walt Smoked Wit',5.0,86,16,67,5.00),
	('5260',219,1245,'Harborfields HefeWeizen',4.5,58,16,50,4.00),
	('5261',2155,157,'Samuel Adams Imperial Stout',9.2,10,12,43,9.00),
	('5262',2281,157,'Samuel Adams Imperial White',10.3,38,8,67,10.00),
	('5263',728,678,'HUB Lager',5.1,65,16,77,5.00),
	('5264',1569,678,'Hopworks IPA',6.6,64,16,31,8.00),
	('5265',746,678,'Velvet ESB',5.2,66,16,5,5.00),
	('5266',846,678,'Crosstown Pale Ale',5.3,9,16,26,6.00),
	('5267',1638,678,'Deluxe Organic Ale',6.9,9,12,30,8.00),
	('5268',841,678,'Survival Stout',5.3,31,16,21,6.00),
	('5269',2165,778,'Hop Juice Double IPA',9.4,97,12,32,9.00),
	('5270',1187,509,'Renegade IPA',5.8,74,16,31,8.00),
	('5271',126,509,'Long\'s Peak Raspberry Wheat',4.2,20,22,121,4.00),
	('5272',1367,509,'Stinger Wild Honey Wheat',6.0,69,16,116,8.00),
	('5273',276,509,'Estes Park Porter',4.6,7,16,25,4.00),
	('5274',108,509,'Estes Park Gold',4.2,9,22,37,4.00),
	('5275',582,509,'Samson Stout',5.0,47,16,42,5.00),
	('5276',208,509,'Trail Ridge Red',4.5,87,22,33,4.00),
	('5278',2161,1286,'Flying Mouflan',9.3,56,12,35,9.00),
	('5283',1301,797,'Liberation Ale',6.0,81,16,31,8.00),
	('5284',2248,543,'Sexual Chocolate',10.0,28,8,43,10.00),
	('5285',2373,100,'Bell\'s Batch 9000',12.5,58,8,30,13.00),
	('5286',2289,1320,'Uberhoppy Imperial IPA',10.5,12,8,32,10.00),
	('5287',1328,1320,'Black Cat Stout',6.0,11,16,42,8.00),
	('5288',972,1320,'Hitman Gold',5.5,28,16,26,7.00),
	('5289',152,1320,'Valley Brewing London Tavern Ale',4.4,12,22,10,4.00),
	('5290',1521,1320,'Indian Red Ale',6.5,98,16,33,8.00),
	('5291',1788,1320,'Cobra-Hood IPA',7.3,56,12,32,8.00),
	('5292',87,1320,'Valley Brew Pale Wheat',4.0,8,16,116,4.00),
	('5293',134,1320,'Ports Pale Ale',4.3,7,16,26,4.00),
	('5294',89,1320,'Valley Brewing Apricot Ale',4.0,13,22,121,4.00),
	('5295',88,1320,'Valley Berry Wheat',4.0,56,16,121,4.00),
	('5296',211,1320,'Fat City Ale',4.5,53,16,37,4.00),
	('5297',377,72,'Thunder Hole Ale',4.8,21,16,38,4.00),
	('5298',2032,161,'Double Wide I.P.A.',8.5,19,12,32,9.00),
	('5299',1133,161,'Single-Wide I.P.A.',5.7,82,16,31,8.00),
	('5300',1166,161,'Boulevard Irish Ale',5.8,71,16,22,8.00),
	('5301',1252,161,'Boulevard Maibock',5.9,46,16,91,8.00),
	('5302',162,161,'Bouldevard ZМЙЃХN',4.4,97,22,67,4.00),
	('5303',1205,161,'Bob\'s \'47 Oktoberfest',5.8,68,16,84,8.00),
	('5304',1915,1173,'Hoppe Imperial Extra Pale Ale',8.0,91,12,32,8.00),
	('5305',2286,1173,'Gemini Imperial Blended Ale',10.5,82,8,32,10.00),
	('5306',1414,1166,'Victorian IPA',6.2,20,16,31,8.00),
	('5307',355,1166,'Burning Bird Pale Ale',4.8,87,16,26,4.00),
	('5308',232,792,'Lionshead',4.5,46,16,77,4.00),
	('5310',614,1100,'Dubble Fantasy',5.0,9,16,72,5.00),
	('5312',1439,656,'Dundee Pale Bock Lager',6.3,12,16,91,8.00),
	('5313',1487,656,'Dundee Porter',6.5,92,16,25,8.00),
	('5314',124,656,'Dundee Wheat Beer',4.2,87,22,116,4.00),
	('5315',847,656,'Dundee Pale Ale',5.3,78,16,26,6.00),
	('5316',1443,656,'Dundee India Pale Ale',6.3,47,16,31,8.00),
	('5317',1431,656,'Dundee Festive Ale',6.2,38,16,141,8.00),
	('5319',643,851,'Flywheel Bright Lager',5.0,7,16,95,5.00),
	('5321',1010,1091,'Saint Arnold Amber Ale',5.5,82,16,33,7.00),
	('5322',1568,1091,'Elissa IPA',6.6,43,16,31,8.00),
	('5323',1470,1091,'Saint Arnold Spring Bock',6.4,82,16,90,8.00),
	('5324',2090,692,'Jasparilla',9.0,58,12,13,9.00),
	('5328',2301,1330,'Gran Met',10.5,57,8,65,11.00),
	('5329',1601,1330,'White Magick of the Sun',6.8,76,16,116,8.00),
	('5330',2299,1330,'Voodoo Love Child',10.5,65,8,61,11.00),
	('5331',2391,1330,'Black Magick',15.0,87,8,43,14.00),
	('5332',1907,1330,'4 Seasons IPA',8.0,28,12,31,8.00),
	('5333',2359,1330,'Big Black Voodoo Daddy',12.0,69,8,43,12.00),
	('5335',1789,1330,'Wynona\'s Big Brown Ale',7.3,13,12,38,8.00),
	('5344',1937,402,'Eislin Dubbel',8.0,87,12,60,8.00),
	('5345',1462,409,'Dead Man Walkin\' IPA',6.4,41,16,31,8.00),
	('535',971,44,'Green Valley Stone Mill Pale Ale',5.5,21,16,26,7.00),
	('5352',1524,1250,'American Brown Ale',6.5,47,16,38,8.00),
	('5353',1434,1250,'McGilligans IPA',6.3,34,16,31,8.00),
	('5354',827,1250,'Paris-Roubaix Pale Ale',5.3,13,16,26,6.00),
	('5355',835,1250,'The Livery Dunkel Weizen',5.3,20,16,116,6.00),
	('5356',2031,1250,'Double Paw',8.5,33,12,32,9.00),
	('5360',1157,1250,'Hoppy Chick',5.8,8,16,2,8.00),
	('5361',2102,1250,'Cousin Jax',9.0,13,12,32,9.00),
	('5363',594,1250,'The Livery Hefe Weizen',5.0,52,16,50,5.00),
	('5364',1436,1250,'Thoms Special Ale',6.3,82,16,33,8.00),
	('5366',1435,1250,'Laughing Dragon',6.3,46,16,33,8.00),
	('5367',1254,1250,'Herb Superb',6.0,69,16,2,8.00),
	('5368',1432,1250,'Bluejackets Best',6.3,19,16,2,8.00),
	('5369',2095,1250,'The Livery Kilt Tilter',9.0,64,12,15,9.00),
	('5370',1034,1250,'Maillot Jaune',5.5,19,16,74,7.00),
	('5371',1433,1250,'555 IPA',6.3,91,16,31,8.00),
	('5372',2368,1250,'Verchuosity',12.0,68,8,66,13.00),
	('5375',2077,259,'Local 2',8.7,21,12,66,9.00),
	('5376',1255,1250,'Barrel Aged Synapse ESB',6.0,21,16,5,8.00),
	('5378',1454,1168,'South County American Ale',6.3,96,16,33,8.00),
	('5380',2062,1168,'Brigantine Smoked Porter',8.5,47,12,25,9.00),
	('5382',1403,836,'Big Swell IPA',6.2,92,16,31,8.00),
	('5383',1126,836,'Maui Coconut Porter',5.7,58,16,25,8.00),
	('5391',1816,459,'75 Minute IPA',7.5,8,12,31,8.00),
	('5392',1754,1148,'Six Rivers IPA',7.2,74,12,31,8.00),
	('5393',60,1304,'King\'s Peak Porter',4.0,13,22,25,4.00),
	('5395',506,63,'Back Road Ale',5.0,20,16,26,4.00),
	('5396',576,63,'Belle Gunness Stout',5.0,46,16,42,5.00),
	('5397',507,63,'Back Road American Pale Ale',5.0,64,16,26,4.00),
	('5398',1751,63,'Midwest IPA',7.2,7,12,31,8.00),
	('5399',622,63,'Millennium Lager',5.0,35,16,77,5.00),
	('5400',1767,63,'Maple City Gold',7.2,45,12,84,8.00),
	('5403',2104,585,'Goose Island Imperial IPA',9.0,20,12,32,9.00),
	('5404',1612,585,'Goose Island Midway IPA',6.8,0,12,31,8.00),
	('5405',2345,585,'Night Stalker',11.5,47,8,43,12.00),
	('5406',1297,426,'Crooked Tree IPA',6.0,91,16,31,8.00),
	('5408',1135,783,'Tumbleweed IPA',5.7,60,16,31,8.00),
	('5409',2290,1260,'Behemoth Barley Wine',10.5,12,8,35,10.00),
	('5410',994,1260,'Broodoo',5.5,67,16,31,7.00),
	('5411',1808,1260,'Alpha Klaus Xmas Porter',7.5,9,12,25,8.00),
	('5413',382,1260,'Drunk Monk Hefeweizen',4.8,53,16,50,4.00),
	('5422',2013,858,'Descent Imperial Abbey Ale',8.3,58,12,72,9.00),
	('5423',1438,858,'Anchor Witbier with Brettanomyces',6.3,5,16,67,8.00),
	('5424',2157,1136,'Pugsley\'s Signature Series XXXX IPA',9.3,16,12,32,9.00),
	('5425',1249,634,'Harpoon Winter Warmer',5.9,8,16,126,8.00),
	('5427',281,524,'Firestole Pale 31',4.6,20,16,26,4.00),
	('5428',1822,524,'Union Jack India Pale Ale',7.5,21,12,31,8.00),
	('5429',1765,604,'Great Divide Belgica',7.2,28,12,72,8.00),
	('5431',1792,604,'Great Divide Saison',7.3,69,12,74,8.00),
	('5432',527,10,'Restoration Pale Ale',5.0,91,16,26,4.00),
	('5433',2009,1182,'Atomic Raygun Imperial Red',8.3,52,12,33,9.00),
	('5435',1627,160,'Flashback Anniversary Ale',6.8,20,12,38,8.00),
	('5436',1557,549,'Cerise',6.5,64,16,121,8.00),
	('5437',2164,549,'Double Trouble Imperial IPA',9.4,74,12,32,9.00),
	('5439',899,1150,'Steel Toe Stout',5.4,91,16,20,6.00),
	('5441',2228,160,'Mojo Risin\' Double IPA',10.0,31,8,32,9.00),
	('5442',1001,469,'Duck-Rabbit Amber Ale',5.5,40,16,33,7.00),
	('5443',1098,469,'Duck-Rabbit Brown Ale',5.6,47,16,38,7.00),
	('5444',1124,469,'Duck-Rabbit Porter',5.7,98,16,25,8.00),
	('5445',1122,469,'Duck-Rabbit Milk Stout',5.7,91,16,20,8.00),
	('5446',2233,1173,'Back Burner Imperial Barley Wine Style Ale',10.0,9,8,35,9.00),
	('5447',1975,1173,'МДЃТber Sun Imperial Summer Wheat Ale',8.0,98,12,116,8.00),
	('5448',680,1173,'422 Pale Wheat Ale',5.0,82,16,116,5.00),
	('5449',2052,587,'Holy Mackerel Special Golden Ale',8.5,20,12,65,9.00),
	('5450',1906,587,'Holy Mackerel Mack In Black',8.0,21,12,30,8.00),
	('5451',29,391,'Huckleberry Ale',3.5,97,22,121,4.00),
	('5452',263,1125,'Sea Dog Raspberry Wheat Ale',4.5,69,16,116,4.00),
	('5453',270,812,'Wacko',4.5,92,16,121,4.00),
	('5454',2319,259,'Black Ops',11.0,54,8,43,11.00),
	('5456',731,1092,'Schlafly Oktoberfest',5.1,39,16,84,5.00),
	('5464',541,123,'Bhagwan\'s Best IPA',5.0,8,16,31,4.00),
	('5465',66,1058,'Summer Blonde',4.0,87,22,37,4.00),
	('5466',664,1058,'River Horse Lager',5.0,20,16,95,5.00),
	('5467',973,1058,'Hop Hazard',5.5,87,16,26,7.00),
	('5468',1903,1058,'Belgian Freeze Winter Ale',8.0,46,12,29,8.00),
	('5469',2258,1058,'Tripel Horse',10.0,98,8,61,10.00),
	('5470',183,1058,'River Horse Special Ale',4.5,76,22,5,4.00),
	('5471',1148,1246,'Orchard White',5.7,92,16,67,8.00),
	('5473',2056,1246,'Saison Rue',8.5,68,12,74,9.00),
	('5474',1541,1246,'Saison De Lente',6.5,87,16,74,8.00),
	('5475',1945,1246,'Trade Winds Tripel',8.0,31,12,61,8.00),
	('5476',2270,1246,'Autumn Maple',10.0,67,8,123,10.00),
	('5477',2365,1246,'Partridge In A Pear Tree',12.0,53,8,62,13.00),
	('5478',2176,1286,'Scratch #19 2009 Imperial Double Expresso Oatmeal ',9.5,7,12,21,9.00),
	('5479',773,405,'Newport Storm Hurricane Amber Ale',5.2,21,16,33,5.00),
	('5484',2066,765,'Ruben & The Jets',8.6,64,12,30,9.00),
	('5486',1229,349,'Cottonwood Endo India Pale Ale',5.9,45,16,31,8.00),
	('5487',662,325,'Olde Buzzard Lager',5.0,87,16,95,5.00),
	('5488',1306,1127,'Second Street IPA',6.0,39,16,31,8.00),
	('5489',1413,1170,'South Hampton IPA',6.2,78,16,31,8.00),
	('5490',2221,1137,'Bittersweet Lenny R.I.P.A.',10.0,45,12,32,9.00),
	('5494',1576,1170,'Double White',6.6,69,16,116,8.00),
	('5495',1988,47,'Big Dick\'s Olde Ale',8.2,92,12,13,8.00),
	('5496',1804,1336,'Hopnoxxxious',7.4,98,12,32,8.00),
	('5497',107,1336,'Bistro Blonde',4.2,47,22,37,4.00),
	('5499',1377,1336,'State Street Oatmeal Stout',6.1,91,16,21,8.00),
	('5500',1554,1336,'Bee Sting Honey Rye Ale',6.5,9,16,119,8.00),
	('5501',427,1336,'Amber Waves',4.8,45,16,33,4.00),
	('5502',523,1336,'Padawan Pale Ale',5.0,53,16,26,4.00),
	('5505',1416,1232,'Tailgate Amber Wave',6.2,86,16,33,8.00),
	('5506',1237,1232,'Tailgate Brown Ale',5.9,98,16,38,8.00),
	('5507',1518,1232,'Tailgate IPA',6.5,68,16,31,8.00),
	('5508',1563,1232,'Tailgate Sweet Stout',6.6,92,16,20,8.00),
	('5509',333,1232,'Tailgate Light',4.7,51,16,96,4.00),
	('5510',593,1232,'Tailgate Hefeweizen',5.0,31,16,50,5.00),
	('5530',986,1108,'Sante Fe Pale Ale',5.5,9,16,26,7.00),
	('5531',834,1108,'Santa Fe Wheat',5.3,45,16,116,6.00),
	('5532',781,1108,'Santa Fe Nut Brown',5.2,68,16,38,5.00),
	('5533',1461,1108,'State Pen Porter',6.4,33,16,25,8.00),
	('5535',2236,1108,'Chicken Killer Barley Wine',10.0,64,8,35,9.00),
	('5536',1444,1108,'Fiesta IPA',6.3,20,16,31,8.00),
	('5537',1035,1108,'Freestyle Pilsner',5.5,33,16,77,7.00),
	('5538',1841,1108,'Viszolay Belgian',7.5,86,12,60,8.00),
	('5545',803,858,'Fahrwasser Fairway Pilsner',5.2,28,16,77,6.00),
	('5546',2371,858,'Cafe Amsterdam\'s 10th Anniversary Gruit',12.0,98,8,121,13.00),
	('5547',83,1318,'Wasatch 1st Amendment Lager',4.0,86,22,95,4.00),
	('5549',981,398,'Old Slugger Pale Ale',5.5,31,16,26,7.00),
	('5550',136,398,'Nine Men Ale',4.3,47,16,37,4.00),
	('5551',1457,398,'Benchwarmer Porter',6.4,20,16,25,8.00),
	('5552',288,398,'Strike Out Stout',4.6,92,16,42,4.00),
	('5553',1375,398,'Backyard India Pale Ale',6.1,87,16,2,8.00),
	('5555',2220,1260,'Apocalypse Cow',10.0,87,12,32,9.00),
	('5556',1786,1332,'Green Monsta Ale',7.3,33,12,30,8.00),
	('5557',2323,1173,'Mokah Imperial Blended Stout',11.0,82,8,43,12.00),
	('5558',1678,68,'Sculpin India Pale Ale',7.0,46,12,31,8.00),
	('5560',1934,605,'Glockenspiel',8.0,69,12,55,8.00),
	('5561',1198,974,'Doryman\'s Dark Ale',5.8,28,16,38,8.00),
	('5565',726,10,'Satsuma Harvest Wit',5.1,69,16,67,5.00),
	('5566',2,863,'Miller Genuine Draft 64',2.8,14,22,96,4.00),
	('5569',1626,94,'Red Rocket Ale',6.8,45,12,33,8.00),
	('5570',1688,1286,'Scratch #20 2009 Apollo Imperial Ale',7.0,87,12,32,8.00),
	('5572',829,539,'Aviator Red',5.3,20,16,33,6.00),
	('5573',353,539,'Barnstormer Pale Ale',4.8,53,16,26,4.00),
	('5574',407,539,'Buffalo Lager',4.8,28,16,95,4.00),
	('5575',2005,539,'Bird of Prey IPA',8.3,49,12,2,9.00),
	('5576',1392,539,'Blizzard Bock',6.1,56,16,90,8.00),
	('5577',1482,539,'Sky Pilot Scotch Ale',6.5,28,16,15,8.00),
	('5578',41,633,'Mt. Takhoma Blonde Ale',3.8,47,22,37,4.00),
	('5579',105,633,'Pinnacle Peak Pale Ale',4.2,7,22,26,4.00),
	('5580',1067,633,'Brown\'s Point ESB',5.6,7,16,5,7.00),
	('5581',1075,633,'Puget Brown Porter',5.6,82,16,25,7.00),
	('5582',966,150,'Bonaventure Pale Ale',5.5,56,16,26,7.00),
	('5583',2168,673,'B.O.R.I.S. The Crusher Oatmeal-Imperial Stout',9.4,90,12,43,9.00),
	('5585',419,1182,'Goofy Foot Summer Wheat',4.8,58,16,116,4.00),
	('5588',2141,385,'Heavy Seas Prosit! Imperial Oktoberfest Lager',9.0,90,12,84,9.00),
	('5589',2061,385,'Heavy Seas The Great Pumpkin Imperial Pumpkin Ale',8.5,58,12,123,9.00),
	('5590',1206,1258,'Hooker Oktoberfest',5.8,91,16,84,8.00),
	('5591',988,1243,'Terrapin Rye Pale Ale',5.5,20,16,26,7.00),
	('5592',1322,1243,'India Style Brown Ale',6.0,14,16,38,8.00),
	('5593',340,1243,'SunRay Wheat Beer',4.7,74,16,116,4.00),
	('5594',678,1243,'Terrapin Golden Ale',5.0,64,16,113,5.00),
	('5595',2178,1204,'13th Anniversary Ale',9.5,11,12,30,9.00),
	('5607',783,940,'Oak Barrel Stout',5.2,31,16,42,5.00),
	('5609',879,495,'Elm City Schwarzbier',5.3,10,16,86,6.00),
	('5610',2196,657,'Ramstein Winter Wheat',9.5,87,12,92,9.00),
	('5611',1200,756,'Creme Brulee Java Stout',5.8,45,16,42,8.00),
	('5612',1619,767,'Lake Placid Frostbite Ale',6.8,13,12,31,8.00),
	('5613',855,51,'Shiva IPA',5.3,26,16,31,6.00),
	('5614',490,51,'Roland\'s ESB',5.0,28,16,5,4.00),
	('5615',1878,1286,'Scratch #21 2009 - Artisan Ale',7.8,49,12,72,8.00),
	('5616',1832,1286,'Java Head Stout',7.5,31,12,42,8.00),
	('5617',1030,1286,'Scratch #22 2009',5.5,44,16,67,7.00),
	('5618',2312,959,'Otter Creek Imperial India Pale Ale',11.0,41,8,32,11.00),
	('5620',2262,133,'BJ\'s Annual Grand Cru',10.0,9,8,65,10.00),
	('5621',688,507,'Derailed Black Cherry Ale',5.0,69,16,121,5.00),
	('5622',2305,385,'Heavy Seas Big DIPA',10.6,53,8,32,11.00),
	('5623',1384,885,'Fairweather IPA',6.1,78,16,31,8.00),
	('5624',1417,885,'Bear Tooth Ale',6.2,82,16,38,8.00),
	('5625',127,885,'Wild Country Raspberry Wheat',4.2,53,22,121,4.00),
	('5626',871,17,'Alaskan White Ale',5.3,91,16,67,6.00),
	('5627',1968,10,'Andygator',8.0,20,12,92,8.00),
	('5628',1463,441,'Red Chair IPA',6.4,76,16,31,8.00),
	('5629',336,658,'Cattail Peak',4.7,48,16,116,4.00),
	('5631',699,1155,'Urban Wilderness English Pale',5.1,31,16,1,5.00),
	('5632',798,62,'Karma',5.2,13,16,64,5.00),
	('5633',2309,441,'Black Butte XXI',11.0,48,8,25,11.00),
	('5634',2315,441,'Mirror Mirror',11.0,53,8,35,11.00),
	('5635',2037,858,'Obliteration I',8.5,0,12,32,9.00),
	('5636',2008,858,'Obliteration II',8.3,8,12,32,9.00),
	('5637',1995,858,'Obliteration V',8.2,48,12,32,9.00),
	('5638',2244,686,'Black Xantus',10.0,46,8,43,10.00),
	('5640',350,1223,'Black Stallion Oatmeal Stout',4.8,87,16,21,4.00),
	('5641',1130,1223,'Great American\'s Restaurant Pale Ale',5.7,20,16,26,8.00),
	('5647',1426,575,'Black Rye Bock',6.2,45,16,90,8.00),
	('5648',638,454,'Blackened Voodoo',5.0,87,16,95,5.00),
	('5649',1898,1243,'Terrapin Midnight Project Depth Charge Espresso Mi',8.0,82,12,20,8.00),
	('5651',1863,54,'Red Brick Double Chocolate Oatmeal Porter',7.7,5,12,25,8.00),
	('5652',1467,882,'Georgi-Belgique',6.4,70,16,72,8.00),
	('5654',1207,469,'Duck-Rabbit Schwarzbier',5.8,31,16,86,8.00),
	('5655',740,1160,'Smuttynose Pumpkin Ale',5.1,95,16,123,5.00),
	('5656',2354,858,'Big Slick American Barleywine Ale',11.9,8,8,35,13.00),
	('5657',2306,959,'Otter Creek Russian Imperial Stout',10.6,44,8,43,11.00),
	('5658',1797,476,'Big Hop Harvest Ale',7.4,20,12,31,8.00),
	('5668',1370,1363,'Wild Goose Pumpkin Patch',6.0,87,16,123,8.00),
	('5669',2086,1204,'Stone 09.09.09 Vertical Epic Ale',8.9,91,12,66,9.00),
	('5671',366,1062,'Rock Art American Red Ale',4.8,64,16,33,4.00),
	('5672',2241,1062,'The Vermonster',10.0,8,8,35,10.00),
	('5673',2251,476,'Toaster Imperial Stout',10.0,20,8,43,10.00),
	('5674',1955,858,'3767 Belgian-style IPA with Brett',8.0,82,12,72,8.00),
	('5675',1422,858,'Cosmic Black Witbier',6.2,23,16,67,8.00),
	('5676',1373,44,'Michelob Winter\'s Bourbon Cask Ale',6.0,53,16,141,8.00),
	('5678',1079,940,'Hop Mountain',5.6,56,16,26,7.00),
	('5679',322,136,'Blacksburger Pils',4.7,27,16,77,4.00),
	('5680',2200,1160,'Big A IPA',9.6,98,12,32,9.00),
	('5681',2219,1009,'3rd Anniversary Ale',10.0,28,12,32,9.00),
	('5682',1725,858,'Trickster Belgian-style Pumpkin Ale',7.0,23,12,123,8.00),
	('5683',2377,858,'Berserker Imperial Stout',12.7,20,8,43,12.00),
	('5684',2296,1204,'Imperial Russian Stout',10.5,74,8,43,10.00),
	('5685',296,812,'Howl',4.6,36,16,95,4.00),
	('5686',563,1062,'Whitetail Golden Ale',5.0,78,16,37,5.00),
	('5687',2033,62,'DuganA IPA',8.5,51,12,32,9.00),
	('5688',586,1352,'Golf',5.0,76,16,50,5.00),
	('5689',1186,1035,'Old Salt IPA',5.8,0,16,31,8.00),
	('5690',267,1035,'Cascade Razberry Wheat',4.5,45,16,121,4.00),
	('5691',768,1035,'Celtic Copper Ale',5.2,56,16,33,5.00),
	('5692',106,1035,'Ring Tail Pale Ale',4.2,58,22,26,4.00),
	('5693',1427,1035,'Bad Billy Blond Bock',6.2,40,16,91,8.00),
	('5694',2135,1035,'Cascade Apricot Ale',9.0,59,12,70,9.00),
	('5698',1430,541,'Exit 11 - Hoppy American Wheat',6.2,30,16,116,8.00),
	('57',1927,160,'Obovoid Empirical Stout',8.0,22,12,43,8.00),
	('5700',294,57,'Grain Belt',4.6,64,16,95,4.00),
	('5701',1556,1286,'Scratch #25 2009 Magical Moustache Rye',6.5,20,16,119,8.00),
	('5714',1750,1243,'Hopsecutioner',7.2,91,12,31,8.00),
	('5715',2067,1243,'Terrapin Coffee Oatmeal Imperial Stout',8.6,86,12,43,9.00),
	('5717',2310,1286,'TrМДе¦egs Splinter Beer Red',11.0,19,8,30,11.00),
	('5718',2364,1286,'TrМДе¦egs Splinter Beer Gold',12.0,20,8,61,13.00),
	('5720',1269,929,'King Crimson',6.0,47,16,22,8.00),
	('5721',1138,1220,'Horizon Red Ale',5.7,45,16,33,8.00),
	('5724',1820,379,'Jai Alai IPA',7.5,20,12,31,8.00),
	('5725',1015,379,'Maduro Oatmeal Brown Ale',5.5,70,16,38,7.00),
	('5726',2322,379,'Marshal Zhukov\'s Imperial Stout',11.0,91,8,43,11.00),
	('5727',1961,379,'Guava Grove Ale',8.0,46,12,74,8.00),
	('5728',2023,379,'Big Sound Scotch Ale',8.5,88,12,15,9.00),
	('5729',1620,1150,'Modus Hoperandi',6.8,46,12,31,8.00),
	('5730',1506,718,'JoBoy\'s IPA',6.5,13,16,31,8.00),
	('5733',2321,1091,'Divine Reserve 9',11.0,66,8,43,11.00),
	('5734',1737,1044,'Phoenixx Double ESB',7.2,97,12,5,8.00),
	('5735',799,1,'(512) Wit',5.2,46,16,67,5.00),
	('5736',1173,1,'(512) Pale',5.8,90,16,26,8.00),
	('5737',1667,1,'(512) IPA',7.0,9,12,31,8.00),
	('5738',1605,1,'(512) Pecan Porter',6.8,3,16,25,8.00),
	('5739',1339,1,'(512) ALT',6.0,21,16,57,8.00),
	('5740',1858,1,'(512) Bruin',7.6,91,12,38,8.00),
	('5741',1990,1,'(512) Whiskey Barrel Aged Double Pecan Porter',8.2,4,12,25,9.00),
	('5743',806,157,'Samuel Adams Noble Pils',5.2,20,16,77,6.00),
	('5744',1593,1286,'Scratch #27 2010 Cocaoabunga',6.7,89,16,42,8.00),
	('5745',1078,341,'Captin Lawrence Pale Ale',5.6,8,16,26,7.00),
	('5746',2254,341,'Captain Lawrence Xtra Gold',10.0,87,8,61,10.00),
	('5747',1340,341,'Captin Lawrence Liquid Gold',6.0,28,16,64,8.00),
	('5748',1459,341,'Captin Lawrence Smoked Porter',6.4,48,16,25,8.00),
	('5749',2101,341,'Captain\'s Reserve Imperial IPA',9.0,56,12,32,9.00),
	('5751',371,341,'Brown Bird Brown Ale',4.8,8,16,38,4.00),
	('5752',2366,341,'Nor\' Easter',12.0,92,8,66,13.00),
	('5755',2170,549,'Canadian Breakfast Stout',9.4,10,12,43,9.00),
	('5756',2014,540,'Raging Bitch Belgian IPA',8.3,52,12,72,9.00),
	('5758',1999,858,'Mayhem Belgian-style Double IPA',8.2,92,12,72,9.00),
	('5759',2267,858,'RUMBAH Double Rum Bock',10.0,82,8,92,10.00),
	('5760',1978,858,'Bathtub Gin Gruit Ale',8.0,47,12,126,8.00),
	('5761',2144,1173,'Farmer\'s Tan Imperial Pale Lager',9.0,28,12,95,9.00),
	('5762',1756,1352,'Weyerbacher India',7.2,99,12,31,8.00),
	('5764',2108,459,'Squall IPA',9.0,87,12,32,9.00),
	('5765',1579,634,'Glacier Harvest \'09 Wet Hop (100 Barrel Series #28',6.7,39,16,26,8.00),
	('5767',2010,765,'Lucky 13 Mondo Large Red Ale',8.3,71,12,33,9.00),
	('5768',2004,1172,'Buried Hatchet Stout',8.3,39,12,42,9.00),
	('5770',1992,541,'Exit 16 - Wild Rice Double IPA',8.2,34,12,32,9.00),
	('5771',1821,765,'Maximus',7.5,69,12,31,8.00),
	('5772',2361,426,'Plead the 5th Imperial Stout',12.0,28,8,43,12.00),
	('5774',2109,1352,'Unfiltered Double Simcoe IPA',9.0,45,12,32,9.00),
	('5776',2100,1260,'Arctic Panzer Wolf',9.0,8,12,32,9.00),
	('5778',2294,673,'D.O.R.I.S. the Destroyer Double Imperial Stout',10.5,20,8,43,10.00),
	('5779',2225,673,'Hop Dam Triple IPA',10.0,87,8,32,9.00),
	('5780',2068,673,'Frosted Frog Christmas Ale',8.6,82,12,141,9.00),
	('5781',1871,673,'Fresh Frog Raw Hop Imperial Pale Ale',7.8,74,12,26,8.00),
	('5782',2019,673,'Frog\'s Hollow Double Pumpkin Ale',8.4,21,12,123,9.00),
	('5783',1989,673,'Outta Kilter Wee-Heavy Scotch Red Ale',8.2,45,12,15,9.00),
	('5784',2169,673,'Barrel-Aged B.O.R.I.S. Imperial Stout',9.4,85,12,43,9.00),
	('5785',2055,673,'Hop Master\'s Abbey Belgian-style Double IPA',8.5,87,12,72,9.00),
	('5786',1994,673,'Mean Manalishi Double I.P.A.',8.2,64,12,32,9.00),
	('5787',1614,673,'Hoppin\' To Heaven IPA',6.8,8,12,31,8.00),
	('5788',1399,673,'Silk Porter',6.2,87,16,25,8.00),
	('5790',2302,673,'Gulden Fraug Belgian Ale',10.5,92,8,65,11.00),
	('5791',1338,673,'Wild Frog Wheat',6.0,69,16,50,8.00),
	('5792',150,673,'Smashing Berry Ale',4.3,38,22,121,4.00),
	('5794',2117,605,'Blackout Stout',9.0,98,12,43,9.00),
	('5795',1823,94,'Apex',7.5,28,12,32,8.00),
	('5797',481,444,'Paradise Porter',5.0,41,16,25,4.00),
	('5798',1894,1038,'Iron Thistle',8.0,54,12,15,8.00),
	('5799',216,426,'Tres Blueberry Stout',4.5,31,16,42,4.00),
	('58',1298,1221,'Furious Beer',6.0,15,16,31,8.00),
	('5803',2390,426,'Three Guy Off The Scale Barley Wine',15.0,28,8,35,14.00),
	('5804',1668,29,'Duet',7.0,78,12,31,8.00),
	('5805',1675,29,'Nelson',7.0,8,12,31,8.00),
	('5807',1819,379,'Humidor Series Jai Alai Cedar Aged India Pale Ale',7.5,46,12,31,8.00),
	('5808',1410,825,'Marble India Pale Ale',6.2,58,16,31,8.00),
	('5809',2035,1009,'Mongo Double IPA',8.5,3,12,32,9.00),
	('5810',1615,328,'Hopportunity Knocks Ale',6.8,74,12,31,8.00),
	('5816',830,718,'Manheim Red',5.3,69,16,33,6.00),
	('5817',2382,585,'Bourbon County Brand Coffee Stout',13.0,33,8,43,12.00),
	('5818',2374,1251,'The Angel\'s Share - Bourbon Barrel Aged',12.5,47,8,30,13.00),
	('5819',2046,1352,'Weyerbacher Juliet',8.5,20,12,57,9.00),
	('5820',1686,87,'2x4 India Pale Ale',7.0,53,12,32,8.00),
	('5823',1201,656,'Dundee Stout',5.8,20,16,42,8.00),
	('5825',2107,700,'Kryptonite Imperial IPA',9.0,28,12,32,9.00),
	('5826',1442,1172,'Pine Belt Pale Ale',6.3,14,16,26,8.00),
	('5827',1868,45,'Batch 666',7.7,47,12,141,8.00),
	('5828',2151,236,'471 IPA',9.2,81,12,32,9.00),
	('5832',318,133,'Nit Wit',4.7,89,16,67,4.00),
	('5833',1798,1286,'Scratch Beer 31 - 2010 Citra Of Brotherly Love IPA',7.4,53,12,31,8.00),
	('5834',2223,634,'Harpoon Leviathan',10.0,53,8,32,9.00),
	('5835',1154,1044,'Full Moon Pale Rye Ale',5.7,49,16,119,8.00),
	('5836',851,1044,'Rio Blanco Pale Ale',5.3,40,16,26,6.00),
	('5840',2015,23,'Allagash Fluxus 09',8.3,95,12,74,9.00),
	('5841',1378,1394,'HotRod Red',6.1,31,16,22,8.00),
	('5842',1181,1394,'Old BullDog Extra Special',5.8,19,16,30,8.00),
	('5843',1949,1,'One',8.0,47,12,65,8.00),
	('5847',1690,1396,'Conundrum Red Ale',7.0,91,12,33,8.00),
	('5848',1752,1397,'Oasis',7.2,56,12,31,8.00),
	('5850',2075,1326,'Yakima Glory',8.7,20,12,41,9.00),
	('5851',274,1400,'Irish Amber',4.6,31,16,22,4.00),
	('5852',949,415,'Colonel Blide\'s Cask Ale',5.5,87,16,3,7.00),
	('5853',257,415,'Cricket\'s Nocturne',4.5,33,16,105,4.00),
	('5854',364,415,'Fall Festivus Ale',4.8,78,16,33,4.00),
	('5856',1012,10,'Christmas Ale',5.5,5,16,38,7.00),
	('5857',2388,62,'Samael\'s Oak-aged Ale',14.5,69,8,14,14.00),
	('5858',1892,62,'Old Jubilation Ale',8.0,70,12,14,8.00),
	('5859',514,144,'Fresh Hops Pale Ale',5.0,13,16,26,4.00),
	('5860',697,144,'Oktoberfest',5.0,68,16,84,5.00),
	('5863',821,1149,'Sweet Action',5.2,86,16,113,6.00),
	('5864',2194,1204,'Vertical Epic 10.10.10',9.5,53,12,64,9.00),
	('5865',2208,1271,'Imperial Nut Brown',9.8,86,12,38,9.00),
	('5870',268,1402,'Doc\'s Hard Apple Cider',4.5,20,16,121,4.00),
	('5871',1646,1246,'Loakal Red',6.9,8,12,33,8.00),
	('5873',1224,1092,'Dry-Hopped APA',5.9,20,16,26,8.00),
	('5874',1143,1092,'Coffee Stout',5.7,64,16,42,8.00),
	('5875',154,1404,'Pale Ale',4.4,23,22,26,4.00),
	('5879',870,1409,'Summer Teeth',5.3,68,16,58,6.00),
	('5880',2153,1410,'Dank',9.2,47,12,34,9.00),
	('5881',21,1391,'Dos Perros',3.5,83,22,38,4.00),
	('5882',1182,1391,'Pale Ale',5.8,51,16,30,8.00),
	('5883',589,1391,'Hefeweizen',5.0,59,16,50,5.00),
	('5884',1144,1391,'Sly Rye Porter',5.7,48,16,46,8.00),
	('5885',43,1391,'Onward Stout',3.8,9,22,42,4.00),
	('5886',2082,1411,'Dark Element',8.8,53,12,127,9.00),
	('5892',1736,1413,'Iron Rail IPA',7.2,56,12,2,8.00),
	('5894',2158,1416,'Vivant Tripel',9.3,86,12,61,9.00),
	('59',718,1221,'Bender Beer',5.1,43,16,38,5.00),
	('61',2238,160,'Killer Penguin',10.0,82,8,35,10.00),
	('63',1372,935,'Isolation Ale',6.0,20,16,141,8.00),
	('656',22,590,'1916 Irish Stout',3.5,47,16,42,4.00),
	('657',1802,590,'Model-A-Tor Doppelbock',7.4,91,12,90,8.00),
	('658',1099,590,'Wilsteraner Altbier',5.6,9,16,38,7.00),
	('667',146,829,'Old Seattle Lager',4.3,34,22,95,4.00),
	('668',961,829,'Nightwatch Dark Ale',5.5,86,16,25,7.00),
	('669',518,829,'Islander Pale Ale',5.0,21,16,26,4.00),
	('671',812,829,'Clipper Gold Hefeweizen',5.2,31,16,95,6.00),
	('672',770,829,'Flagship Red Alt Ale',5.2,46,16,33,5.00),
	('683',1448,496,'The Immortal IPA',6.3,56,16,31,8.00),
	('684',1574,496,'Whoville Weizenbock',6.6,92,16,55,8.00),
	('687',78,497,'Foster Child Australian Lager',4.0,47,22,95,4.00),
	('690',356,496,'Elysian Fields Pale Ale',4.8,68,16,26,4.00),
	('693',903,496,'Perseus Porter',5.4,74,16,25,6.00),
	('694',1216,496,'The Wise ESB',5.9,86,16,5,8.00),
	('695',882,496,'Ambrosia Maibock',5.3,86,16,90,6.00),
	('70',1580,1142,'Harvest Ale 2007',6.7,49,16,26,8.00),
	('703',1419,1296,'Imperial Stout',6.2,62,16,42,8.00),
	('704',1744,1296,'Imperial I.P.A.',7.2,85,12,26,8.00),
	('706',522,1296,'N.W. Pale Ale',5.0,20,16,26,4.00),
	('707',633,1296,'Bock',5.0,87,16,90,5.00),
	('708',147,1296,'Weissbier',4.3,98,22,95,4.00),
	('71',1250,161,'Nut Cracker Ale',5.9,56,16,141,8.00),
	('717',1477,842,'Terminator Stout',6.4,13,16,42,8.00),
	('721',1799,445,'Industrial IPA',7.4,92,12,32,8.00),
	('722',1409,445,'IPA',6.2,7,16,31,8.00),
	('723',1074,445,'Possession Porter',5.6,86,16,25,7.00),
	('724',381,445,'Steamer Glide Stout',4.8,20,16,42,4.00),
	('726',1097,445,'Brown Ale',5.6,58,16,38,7.00),
	('728',1203,445,'Hefe-Weizen',5.8,92,16,50,8.00),
	('729',133,445,'Lighthouse Ale',4.3,98,16,26,4.00),
	('731',1086,1124,'Gale Force IPA',5.6,87,16,31,7.00),
	('732',1171,1124,'Porter',5.8,27,16,25,8.00),
	('733',138,1124,'Nut Brown',4.3,78,16,38,4.00),
	('734',717,1124,'Amber Ale',5.1,34,16,38,5.00),
	('735',295,1124,'Hefe Weizen',4.6,48,16,95,4.00),
	('739',863,1151,'Skibbereen Stout',5.3,100,16,42,6.00),
	('74',1570,779,'Warrior IPA',6.6,48,16,31,8.00),
	('742',204,1151,'Free Bike Amber',4.5,20,22,33,4.00),
	('743',1272,1151,'Highwater Porter',6.0,20,16,25,8.00),
	('744',376,1151,'Skagit Brown Ale',4.8,69,16,38,4.00),
	('745',198,1151,'Yellowjacket Pale Ale',4.5,67,22,26,4.00),
	('747',77,1151,'Del Rio Lager',4.0,58,22,95,4.00),
	('752',1565,504,'India Pale Ale',6.6,4,16,26,8.00),
	('753',1220,504,'Porter',5.9,8,16,25,8.00),
	('756',141,504,'Hefeweizen',4.3,86,16,50,4.00),
	('762',1814,526,'WinterFish Ale',7.5,22,12,26,8.00),
	('764',1587,526,'Organic India Pale Ale',6.7,88,16,31,8.00),
	('765',63,526,'Wild Salmon Pale Ale',4.0,69,22,26,4.00),
	('766',554,526,'Organic Amber Ale',5.0,87,16,33,4.00),
	('767',327,526,'Blind Pig Dunkelweizen',4.7,50,16,95,4.00),
	('768',254,526,'Whistling Pig Hefeweizen',4.5,86,16,95,4.00),
	('769',1653,1030,'Snow Cap',7.0,28,12,13,8.00),
	('770',704,1030,'DPA',5.1,9,16,26,5.00),
	('771',466,1030,'Krystal Weizen',4.9,86,16,95,4.00),
	('772',1590,1030,'Thunder Head IPA',6.7,95,16,31,8.00),
	('773',1046,1030,'Amber Weizen',5.5,91,16,95,7.00),
	('774',815,1030,'Hefeweizen',5.2,58,16,95,6.00),
	('782',1160,494,'No Doubt Stout',5.8,0,16,42,8.00),
	('783',1813,494,'Riot Ale',7.5,82,12,26,8.00),
	('784',997,494,'IPA',5.5,2,16,31,7.00),
	('785',965,494,'Alembic Pale',5.5,8,16,26,7.00),
	('786',248,494,'Luna Weizen',4.5,58,16,95,4.00),
	('799',1621,160,'MoJo India Pale Ale',6.8,20,12,31,8.00),
	('800',2214,526,'Old Woody 2005',10.0,13,12,13,9.00),
	('803',1925,641,'Super Natural Oatmeal Stout',8.0,86,12,42,8.00),
	('807',2212,641,'Imperial Gold Malt Liquor',9.9,8,12,95,9.00),
	('808',2177,1177,'Double Daddy',9.5,56,12,26,9.00),
	('81',1251,160,'Never Summer Ale',5.9,13,16,141,8.00),
	('811',2175,21,'Wee Heavy',9.5,91,12,15,9.00),
	('813',2275,540,'Horn Dog',10.2,70,8,35,10.00),
	('818',2393,459,'Olde School Barleywine',15.0,20,8,35,14.00),
	('821',1643,1204,'Stone IPA',6.9,82,12,31,8.00),
	('830',1872,562,'Slip Knot Imperial IPA 2006',7.8,16,12,31,8.00),
	('831',2028,447,'Bottleworks IPA',8.5,54,12,31,9.00),
	('832',2121,919,'Old Rasputin Russian Imperial Stout',9.0,9,12,43,9.00),
	('833',2191,604,'Yeti Imperial Stout',9.5,87,12,43,9.00),
	('843',277,590,'Princess of Darkness Porter',4.6,58,16,25,4.00),
	('844',516,590,'Impromptu Pale Ale',5.0,20,16,26,4.00),
	('845',1353,590,'Steinworthy Oktoberfest',6.0,47,16,84,8.00),
	('847',158,590,'Bugeater Brown Ale',4.4,63,22,38,4.00),
	('848',1026,590,'Tin Lizzie Hefeweizen',5.5,92,16,50,7.00),
	('868',1817,1204,'9th Anniversary IPA',7.5,56,12,31,8.00),
	('869',2213,622,'Adam',10.0,56,12,13,9.00),
	('879',836,935,'5 Barrel Pale Ale',5.3,53,16,1,6.00),
	('900',990,1177,'Untouchable Pale Ale',5.5,86,16,26,7.00),
	('901',539,21,'X Extra Pale Ale',5.0,22,16,26,4.00),
	('903',2036,892,'Moylander Double IPA',8.5,48,12,32,9.00),
	('904',1494,803,'Indica India Pale Ale',6.5,58,16,26,8.00),
	('907',2335,919,'Old Stock Ale 2004',11.4,20,8,13,12.00),
	('908',2276,604,'Old Ruffian',10.2,45,8,35,10.00),
	('917',1500,1177,'Big Daddy IPA',6.5,86,16,31,8.00),
	('918',1624,604,'Titan IPA',6.8,28,12,31,8.00),
	('923',2362,21,'Speedway Stout',12.0,87,8,43,12.00),
	('927',1304,441,'Quail Springs IPA',6.0,89,16,31,8.00),
	('928',996,447,'IPA',5.5,23,16,31,7.00),
	('932',2190,604,'Oak Aged Yeti Imperial Stout',9.5,28,12,43,9.00),
	('938',1610,1315,'Double IPA',6.8,3,12,31,8.00),
	('940',1238,1315,'Blackstone Stout',5.9,7,16,42,8.00),
	('941',1008,691,'Red Ale',5.5,34,16,33,7.00),
	('942',1368,823,'Schuylkill Punch',6.0,21,16,121,8.00),
	('943',2376,823,'Nokdechiloff',12.7,78,8,35,12.00),
	('944',1910,823,'California Dreaming',8.0,20,12,32,8.00),
	('945',1468,823,'Manayunk Lager',6.4,17,16,84,8.00),
	('946',698,823,'Brilliant Barstool',5.1,91,16,1,5.00),
	('947',848,823,'Krooks Mill',5.3,20,16,26,6.00),
	('949',323,823,'Bohemian Blonde',4.7,88,16,77,4.00),
	('954',2174,916,'Wee Heavier',9.5,9,12,15,9.00),
	('966',1381,1321,'Regiment Pale Ale',6.1,58,16,26,8.00),
	('967',1139,1321,'Red Coat Ale',5.7,4,16,33,8.00),
	('968',1848,1158,'Instigator Doppelbock',7.5,2,12,90,8.00),
	('971',1575,1158,'Helles Bock',6.6,67,16,90,8.00),
	('973',1747,1158,'Anniversary IPA Ahtanum',7.2,14,12,31,8.00),
	('974',1748,1158,'Anniversary IPA Glacier',7.2,34,12,31,8.00),
	('975',1753,1158,'Route 113 IPA',7.2,11,12,31,8.00),
	('976',98,1158,'Featherweight Lager',4.1,53,16,95,4.00),
	('977',1145,1158,'Royal Weisse',5.7,36,16,50,8.00),
	('978',985,1158,'Phoenix Pale Ale',5.5,47,16,26,7.00),
	('980',109,409,'Golden Treasure',4.2,78,22,37,4.00),
	('981',1268,409,'Crabby Larry\'s Irish Red Ale',6.0,58,16,22,8.00),
	('982',919,409,'Calico Jack Amber Ale',5.4,92,16,33,6.00),
	('993',1567,841,'East Kent IPA',6.6,34,16,31,8.00),
	('995',1142,841,'Black Lab Stout',5.7,43,16,42,8.00),
	('996',980,841,'Old Rogue Pale Ale',5.5,91,16,26,7.00),
	('997',64,841,'Unicorn Amber Ale',4.0,21,22,33,4.00),
	('998',26,841,'Light Lager',3.5,29,22,95,4.00);

/*!40000 ALTER TABLE `Beers` ENABLE KEYS */;
UNLOCK TABLES;


# Dump of table BeerStyle
# ------------------------------------------------------------

DROP TABLE IF EXISTS `BeerStyle`;

CREATE TABLE `BeerStyle` (
  `styleID` int(11) NOT NULL,
  `beerStyle` varchar(50) DEFAULT NULL,
  PRIMARY KEY (`styleID`)
) ENGINE=InnoDB DEFAULT CHARSET=utf8;

LOCK TABLES `BeerStyle` WRITE;
/*!40000 ALTER TABLE `BeerStyle` DISABLE KEYS */;

INSERT INTO `BeerStyle` (`styleID`, `beerStyle`)
VALUES
	(1,'Classic English-Style Pale Ale'),
	(2,'English-Style India Pale Ale'),
	(3,'Ordinary Bitter'),
	(4,'Special Bitter or Best Bitter'),
	(5,'Extra Special Bitter'),
	(6,'English-Style Summer Ale'),
	(7,'Scottish-Style Light Ale'),
	(8,'Scottish-Style Heavy Ale'),
	(9,'Scottish-Style Export Ale'),
	(10,'English-Style Pale Mild Ale'),
	(11,'English-Style Dark Mild Ale'),
	(12,'English-Style Brown Ale'),
	(13,'Old Ale'),
	(14,'Strong Ale'),
	(15,'Scotch Ale'),
	(16,'British-Style Imperial Stout'),
	(17,'British-Style Barley Wine Ale'),
	(18,'Robust Porter'),
	(19,'Brown Porter'),
	(20,'Sweet Stout'),
	(21,'Oatmeal Stout'),
	(22,'Irish-Style Red Ale'),
	(23,'Classic Irish-Style Dry Stout'),
	(24,'Foreign (Export)-Style Stout'),
	(25,'Porter'),
	(26,'American-Style Pale Ale'),
	(27,'Fresh Hop Ale'),
	(28,'Pale American-Belgo-Style Ale'),
	(29,'Dark American-Belgo-Style Ale'),
	(30,'American-Style Strong Pale Ale'),
	(31,'American-Style India Pale Ale'),
	(32,'Imperial or Double India Pale Ale'),
	(33,'American-Style Amber/Red Ale'),
	(34,'Imperial or Double Red Ale'),
	(35,'American-Style Barley Wine Ale'),
	(36,'American-Style Wheat Wine Ale'),
	(37,'Golden or Blonde Ale'),
	(38,'American-Style Brown Ale'),
	(39,'Smoke Porter'),
	(40,'American-Style Sour Ale'),
	(41,'American-Style India Black Ale'),
	(42,'American-Style Stout'),
	(43,'American-Style Imperial Stout'),
	(44,'Specialty Stouts'),
	(45,'American-Style Imperial Porter'),
	(46,'Porter'),
	(47,'German-Style Kolsch'),
	(48,'Berliner-Style Weisse'),
	(49,'Leipzig-Style Gose'),
	(50,'South German-Style Hefeweizen'),
	(51,'South German-Style Kristal Weizen'),
	(52,'German-Style Leichtes Weizen'),
	(53,'South German-Style Bernsteinfarbenes Weizen'),
	(54,'South German-Style Dunkel Weizen'),
	(55,'South German-Style Weizenbock'),
	(56,'Bamberg-Style Weiss Rauchbier'),
	(57,'German-Style Brown Ale/Altbier'),
	(58,'Kellerbier - Ale'),
	(59,'Belgian-Style Flanders/Oud Bruin'),
	(60,'Belgian-Style Dubbel'),
	(61,'Belgian-Style Tripel'),
	(62,'Belgian-Style Quadrupel'),
	(63,'Belgian-Style Blonde Ale'),
	(64,'Belgian-Style Pale Ale'),
	(65,'Belgian-Style Pale Strong Ale'),
	(66,'Belgian-Style Dark Strong Ale'),
	(67,'Belgian-Style White'),
	(68,'Belgian-Style Lambic'),
	(69,'Belgian-Style Gueuze Lambic'),
	(70,'Belgian-Style Fruit Lambic'),
	(71,'Belgian-Style Table Beer'),
	(72,'Other Belgian-Style Ales'),
	(73,'French-Style Biere de Garde'),
	(74,'French & Belgian-Style Saison'),
	(75,'International-Style Pale Ale'),
	(76,'Australasian-Style Pale Ale'),
	(77,'German-Style Pilsener'),
	(78,'Bohemian-Style Pilsener'),
	(79,'European Low-Alcohol Lager'),
	(80,'Munchner-Style Helles'),
	(81,'Dortmunder/European-Style Export'),
	(82,'Vienna-Style Lager'),
	(83,'German-Style Marzen'),
	(84,'German-Style Oktoberfest'),
	(85,'European-Style Dark'),
	(86,'German-Style Schwarzbier'),
	(87,'Bamberg-Style Marzen'),
	(88,'Bamberg-Style Helles Rauchbier'),
	(89,'Bamberg-Style Bock Rauchbier'),
	(90,'Traditional German-Style Bock'),
	(91,'German-Style Heller Bock/Maibock'),
	(92,'German-Style Doppelbock'),
	(93,'German-Style Eisbock'),
	(94,'Kellerbier - Lager'),
	(95,'American-Style Lager'),
	(96,'American-Style Light Lager'),
	(97,'American-Style Low-Carb Light Lager'),
	(98,'American-Style Amber Lager'),
	(99,'American-Style Premium Lager'),
	(100,'American-Style Pilsener'),
	(101,'American-Style Ice Lager'),
	(102,'American-Style Malt Liquor'),
	(103,'American-Style Amber Lager'),
	(104,'American-Style Marzen/Oktoberfest'),
	(105,'American-Style Dark Lager'),
	(106,'Baltic-Style Porter'),
	(107,'Australasian-Style Light Lager'),
	(108,'Latin American-Style Light Lager'),
	(109,'Tropical-Style Light Lager'),
	(110,'International-Style Pilsener'),
	(111,'Dry Lager'),
	(112,'Session Beer'),
	(113,'American-Style Cream Ale or Lager'),
	(114,'California Common Beer'),
	(115,'Japanese Sake-Yeast Beer'),
	(116,'Light American Wheat Ale or Lager'),
	(117,'Fruit Wheat Ale or Lager'),
	(118,'Dark American Wheat Ale or Lager'),
	(119,'American Rye Ale or Lager'),
	(120,'German-Style Rye Ale'),
	(121,'Fruit Beer'),
	(122,'Field Beer'),
	(123,'Pumpkin Beer'),
	(124,'Chocolate/Cocoa-Flavored Beer'),
	(125,'Coffee-Flavored Beer'),
	(126,'Herb and Spice Beer'),
	(127,'Specialty Beer'),
	(128,'Specialty Honey Lager or Ale'),
	(129,'Gluten-Free Beer'),
	(130,'Smoke Beer'),
	(131,'Experimental Beer'),
	(132,'Out of Category'),
	(133,'Wood- and Barrel-Aged Beer'),
	(134,'Wood- and Barrel-Aged Pale to Amber Beer'),
	(135,'Wood- and Barrel-Aged Dark Beer'),
	(136,'Wood- and Barrel-Aged Strong Beer'),
	(137,'Wood- and Barrel-Aged Sour Beer'),
	(138,'Aged Beer'),
	(139,'Other Strong Ale or Lager'),
	(140,'Non-Alcoholic Beer'),
	(141,'Winter Warmer');

/*!40000 ALTER TABLE `BeerStyle` ENABLE KEYS */;
UNLOCK TABLES;


# Dump of table Breweries
# ------------------------------------------------------------

DROP TABLE IF EXISTS `Breweries`;

CREATE TABLE `Breweries` (
  `breweryID` int(11) NOT NULL AUTO_INCREMENT,
  `breweryName` varchar(50) DEFAULT NULL,
  `city` varchar(50) DEFAULT NULL,
  `state` varchar(2) DEFAULT NULL,
  PRIMARY KEY (`breweryID`),
  KEY `state` (`state`),
  CONSTRAINT `breweries_ibfk_1` FOREIGN KEY (`state`) REFERENCES `States` (`state`)
) ENGINE=InnoDB DEFAULT CHARSET=utf8;

LOCK TABLES `Breweries` WRITE;
/*!40000 ALTER TABLE `Breweries` DISABLE KEYS */;

INSERT INTO `Breweries` (`breweryID`, `breweryName`, `city`, `state`)
VALUES
	(1,'(512) Brewing Company','Austin','TX'),
	(2,'21st Amendment Brewery Cafe','San Francisco','CA'),
	(8,'Abbey Wright Brewing/Valley Inn','Williamsport','PA'),
	(9,'Aberdeen Brewing','Valparaiso','IN'),
	(10,'Abita Brewing Company','Abita Springs','LA'),
	(14,'Aksarben Brewing (BOP)','Omaha','NE'),
	(16,'Alameda Brewhouse','Portland','OR'),
	(17,'Alaskan Brewing','Juneau','AK'),
	(20,'Ale Asylum','Madison','WI'),
	(21,'AleSmith Brewing','San Diego','CA'),
	(22,'Ali`i Brewing','Honolulu','HI'),
	(23,'Allagash Brewing','Portland','ME'),
	(25,'Allentown Brew Works','Allentown','PA'),
	(28,'Alltech\'s Lexington Brewing Company','Lexington','KY'),
	(29,'Alpine Beer Company','Alpine','CA'),
	(32,'America\'s Brewing','Aurora','IL'),
	(33,'American River Brewing','Auburn','CA'),
	(34,'Amerisports Brew Pub','Kansas City','MO'),
	(35,'Amherst Brewing Company','Amherst','MA'),
	(36,'Amicas Pizza, Microbrews and More','Salida','CO'),
	(38,'Anacortes Brewing','Anacortes','WA'),
	(39,'Anchor Brewing','San Francisco','CA'),
	(41,'Anderson Valley Brewing','Boonville','CA'),
	(42,'Andrew\'s Brewing','Lincolnville','ME'),
	(43,'Angelic Brewing','Madison','WI'),
	(44,'Anheuser-Busch','Saint Louis','MO'),
	(45,'Appalachian Brewing Company','Harrisburg','PA'),
	(46,'Appleton Brewing','Appleton','WI'),
	(47,'Arcadia Brewing','Battle Creek','MI'),
	(51,'Asheville Pizza and Brewing Co.','Asheville','NC'),
	(54,'Atlanta Brewing Company','Atlanta','GA'),
	(55,'Atlantic Brewing Company','Bar Harbor','ME'),
	(56,'Atwater Block Brewing','Detroit','MI'),
	(57,'August Schell Brewing','New Ulm','MN'),
	(59,'Augusta Brewing','Augusta','MO'),
	(62,'Avery Brewing Company','Boulder','CO'),
	(63,'Back Road Brewery','LaPorte','IN'),
	(64,'Backcountry Brewery','Frisco','CO'),
	(65,'Backwater Brewing','Winona','MN'),
	(66,'Bad Frog Brewery Company','Rose City','MI'),
	(68,'Ballast Point Brewing','San Diego','CA'),
	(69,'Baltimore-WA Beer Works','Baltimore','MD'),
	(71,'Bandana Brewery','Mankato','MN'),
	(72,'Bar Harbor Brewing Company','Bar Harbor','ME'),
	(73,'Bard\'s Tale Beer Company','Lee\'s Summit','MO'),
	(75,'Barley Brothers Brewery and Grill','Lake Havasu City','AZ'),
	(76,'Barley Creek Brewing','Tannersville','PA'),
	(77,'Barley Island Brewing','Noblesville','IN'),
	(78,'Barley John\'s Brewpub','New Brighton','MN'),
	(79,'Barley\'s #2 Smokehouse and Brewpub','Columbus','OH'),
	(80,'Barley\'s Brewing #1','Columbus','OH'),
	(81,'Barley\'s Casino & Brewing Company','Henderson','NV'),
	(82,'Baron Brewing Company','Seattle','WA'),
	(83,'Barrel House Brewing Co.','Cincinnati','OH'),
	(84,'Basil T\'s Brew Pub and Italian Grill','Toms River','NJ'),
	(87,'Bavarian Barbarian Brewing Company','Williamsport','PA'),
	(89,'Bayern Brewing','Missoula','MT'),
	(90,'BBC Brewing Co., LLC','Louisville','KY'),
	(91,'Beach Brewing','Orlando','FL'),
	(92,'Beach Chalet Brewery','San Francisco','CA'),
	(94,'Bear Republic Brewery','Healdsburg','CA'),
	(96,'Beermann\'s Beerwerks BrewPub','Lincoln','CA'),
	(97,'Belfast Bay Brewing Company','Belfast','ME'),
	(100,'Bell\'s Brewery Inc.','Galesburg','MI'),
	(101,'Bellows Brew Crew','Watertown','WI'),
	(102,'Bent River Brewing','Moline','IL'),
	(106,'Bethlehem Brew Works','Bethlehem','PA'),
	(107,'Bibiana Brewing','Urbana','IL'),
	(112,'Big Bang Brewery (Closed)','San Francisco','CA'),
	(113,'Big Boss Brewing Company','Raleigh','NC'),
	(114,'Big Buck Brewery','Gaylord','MI'),
	(115,'Big Buck Brewery and Steakhouse #2','Grand Rapids','MI'),
	(116,'Big Dog\'s Brewing Company','Las Vegas','NV'),
	(117,'Big Hole Brewing','Belgrade','MT'),
	(118,'Big Horn Brewing @ The RAM 2','Wheeling','IL'),
	(122,'Big Sky Brewing','Missoula','MT'),
	(123,'Big Time Brewing','Seattle','WA'),
	(124,'Bill\'s Tavern & Brewhouse','Cannon Beach','OR'),
	(130,'Bison Brewing','Berkeley','CA'),
	(132,'BJ\'s Pizza, Grill, and Brewery - Jantzen Beach','Portland','OR'),
	(133,'BJ\'s Restaurant and Brewery','Brea','CA'),
	(135,'Black Toad Brewing Company','Chicago','IL'),
	(136,'Blacksburg Brewing Company','Blacksburg','VA'),
	(137,'Blackstone Restaurant & Brewery','Nashville','TN'),
	(138,'Blicks Brewing','Colorado Springs','CO'),
	(139,'Blitz-Weinhard Brewing','Portland','OR'),
	(140,'Bloomington Brewing Company','Bloomington','IN'),
	(141,'BluCreek Brewing Company','Madison','WI'),
	(142,'Blue Cat Brew Pub','Rock Island','IL'),
	(143,'Blue Corn Caf and Brewery - Albuquerque','Albuquerque','NM'),
	(144,'Blue Point Brewing','Patchogue','NY'),
	(145,'Blue Ridge Brewing','Greenville','SC'),
	(146,'Bluegrass Brewing Company, Inc.','Louisville','KY'),
	(147,'Bobcat Cafe & Brewery','Bristol','VT'),
	(149,'Boiler Room Brewpub','Laughlin','NV'),
	(150,'Bonaventure Brewing Co','Los Angeles','CA'),
	(151,'Bonfire Brewery','Northville','MI'),
	(153,'Bootleggers Steakhouse and Brewery','Bakersfield','CA'),
	(155,'Boscos Memphis Brewing','Germantown','TN'),
	(157,'Boston Beer Company','Boston','MA'),
	(158,'Boston Beer Works','Boston','MA'),
	(159,'Bottom\'s Up Brewing','Pinedale','WY'),
	(160,'Boulder Beer Company','Boulder','CO'),
	(161,'Boulevard Brewing Company','Kansas City','MO'),
	(162,'Boundary Bay Brewery and Bistro','Bellingham','WA'),
	(227,'Brauhaus Brew Hall','Lucan','MN'),
	(235,'Breckenridge BBQ of Omaha','Omaha','NE'),
	(236,'Breckenridge Brewery','Denver','CO'),
	(239,'Brew Kettle Taproom & Smokehouse BOP','Strongsville','OH'),
	(240,'Brew Makers','Mountain View','CA'),
	(242,'Brewer\'s Art','Baltimore','MD'),
	(243,'Brewery at Martha\'s Vineyard','Oak Bluffs','MA'),
	(247,'Brewery Creek Brewing','Mineral Point','WI'),
	(249,'Brewery Ommegang','Cooperstown','NY'),
	(250,'Brewmasters Restaurant and Brewery South','Kenosha','WI'),
	(251,'Brewpub-on-the-Green','Fremont','CA'),
	(254,'Bricktown Brewery','Dubuque','IA'),
	(255,'BridgePort Brewing','Portland','OR'),
	(256,'Brimstone Brewing','Frederick','MD'),
	(257,'Bristol Brewing','Colorado Springs','CO'),
	(258,'Broad Ripple Brewing','Indianapolis','IN'),
	(259,'Brooklyn Brewery','Brooklyn','NY'),
	(310,'Brown Street Brewery','Rhinelander','WI'),
	(311,'Brownings','Louisville','KY'),
	(313,'BT McClintic Beer Company','Beloit','WI'),
	(314,'Bube\'s Brewery','Mount Joy','PA'),
	(317,'Bull & Bush Pub & Brewery','Denver','CO'),
	(318,'Bulldog Brewing','Fresno','CA'),
	(319,'Bullfrog Brewery','Williamsport','PA'),
	(323,'Butte Creek Brewing','Chico','CA'),
	(324,'Butterfield Brewing #1','Fresno','CA'),
	(325,'Buzzards Bay Brewing Inc.','Westport','MA'),
	(326,'C.B. & Potts of Cheyenne','Cheyenne','WY'),
	(327,'C.H. Evans Brewing Company','Albany','NY'),
	(328,'Caldera Brewing','Ashland','OR'),
	(330,'Calhoun\'s Microbrewery','Knoxville','TN'),
	(331,'California Cider Company','San Rafael','CA'),
	(332,'Callahan\'s Pub and Brewery','San Diego','CA'),
	(333,'Cambridge Brewing','Cambridge','MA'),
	(337,'Cape Ann Brewing','Gloucester','MA'),
	(338,'Capital Brewery','Middleton','WI'),
	(340,'Capitol City Brewing #4','Arlington','VA'),
	(341,'Captain Lawrence Brewing Company','Pleasantville','NY'),
	(347,'Carlyle Brewing','Rockford','IL'),
	(348,'Carmel Brewing','Salinas','CA'),
	(349,'Carolina Beer Company','Mooresville','NC'),
	(350,'Carolina Brewery','Chapel Hill','NC'),
	(351,'Carver Brewing Co.','Durango','CO'),
	(352,'Castle Springs Brewery','Moultonborough','NH'),
	(354,'Catamount Brewing','White River Junction','VT'),
	(355,'Cedar Brewing','Cedar Rapids','IA'),
	(356,'Celis Brewery','Austin','TX'),
	(358,'Central Waters Brewing Company','Amherst','WI'),
	(371,'Chama River Brewing','Albuquerque','NM'),
	(373,'Charlie and Jake\'s Brewery and BBQ','Melbourne','FL'),
	(374,'Chelsea Brewing Company','NY','NY'),
	(375,'Cherryland Brewing','Sturgeon Bay','WI'),
	(376,'Cheshire Cat Brewery','Arvada','CO'),
	(377,'Chicago Brewing','Las Vegas','NV'),
	(379,'Cigar City Brewing','Tampa','FL'),
	(380,'Circle V Brewing','Indianapolis','IN'),
	(381,'City Brewing Company, LLC','La Crosse','WI'),
	(382,'CJ\'s Brewery & Grill','La Jolla','CA'),
	(383,'Cleveland ChopHouse and Brewery','Cleveland','OH'),
	(384,'Climax Brewing Copmany','Roselle Park','NJ'),
	(385,'Clipper City Brewing Co.','Baltimore','MD'),
	(387,'Coach\'s Norman','Norman','OK'),
	(388,'Coast Brewing','Biloxi','MS'),
	(389,'Coast Range Brewing','Gilroy','CA'),
	(390,'Coastal Fog Brewing','Concord','CA'),
	(391,'Coeur d\'Alene Brewing Company','Coeur d\'Alene','ID'),
	(392,'Cold Spring Brewing','Cold Spring','MN'),
	(393,'Columbia Bay Brewery Restaurant and Pub','Lake Villa','IL'),
	(394,'Commonwealth Brewing #1','Boston','MA'),
	(396,'Cooper\'s Cave Ale Company','Glens Falls','NY'),
	(398,'Cooperstown Brewing Company','Milford','NY'),
	(399,'Coors Brewing - Golden Brewery','Golden','CO'),
	(400,'Copper Dragon Brewing','Carbondale','IL'),
	(401,'Copper Eagle Brewing','Grand Island','NE'),
	(402,'Copper Kettle Brewery','Millmont','PA'),
	(403,'Corner Pub','Reedsburg','WI'),
	(404,'Coronado Brewing Company','Coronado','CA'),
	(405,'Costal Extreme Brewing Company','Middletown','RI'),
	(407,'Court Avenue Brewing','Des Moines','IA'),
	(408,'Courthouse Pub','Manitowoc','WI'),
	(409,'Crabby Larry\'s Brewpub Steak & Crab House','Chalfont','PA'),
	(410,'Crabtree Brewery','Greeley','CO'),
	(411,'Craftsman Brewing','Pasadena','CA'),
	(412,'Crane River Brewpub and Cafe','Lincoln','NE'),
	(413,'Crescent City Brewhouse','New Orleans','LA'),
	(414,'Crested Butte Brewery & Pub','Crested Butte','CO'),
	(415,'Cricket Hill','Fairfield','NJ'),
	(416,'Crooked River Brewing','Cleveland','OH'),
	(417,'Crooked Waters Brewing','Peoria','IL'),
	(421,'Cugino Brewing Company','Batavia','IL'),
	(422,'Cumberland Brewery','Louisville','KY'),
	(423,'D.L. Geary Brewing Company','Portland','ME'),
	(426,'Dark Horse Brewing Co.','Marshall','MI'),
	(427,'Day Brewing','Marrero','LA'),
	(434,'Deep Creek Brewing','McHenry','MD'),
	(435,'DeGroen\'s Grill','Baltimore','MD'),
	(436,'Del Mar Stuft Pizza and Brewing','San Diego','CA'),
	(437,'Delafield Brewhaus','Delafield','WI'),
	(438,'Dempsey\'s Restaurant & Brewery','Petaluma','CA'),
	(439,'Denmark Brewing','Denmark','WI'),
	(440,'Denver ChopHouse and Brewery','Denver','CO'),
	(441,'Deschutes Brewery','Bend','OR'),
	(443,'Devil Mountain Brewing','Cincinnati','OH'),
	(444,'Diamond Bear Brewing Co.','Little Rock','AR'),
	(445,'Diamond Knot Brewery & Alehouse','Mukilteo','WA'),
	(446,'Diamondback Brewery','Cleveland','OH'),
	(447,'Dick\'s Brewing','Centralia','WA'),
	(450,'Dillon Dam Brewery','Dillon','CO'),
	(452,'Dirt Cheap Cigarettes and Beer','Fenton','MO'),
	(454,'Dixie Brewing','New Orleans','LA'),
	(455,'Dixon\'s Downtown Grill','Denver','CO'),
	(456,'Dock Street Beer','West Philly','PA'),
	(459,'Dogfish Head Craft Brewery','Milton','DE'),
	(461,'Dostal Alley','Central City','CO'),
	(462,'Double Mountain Brewery & Taproom','Hood River','OR'),
	(463,'Dragonmead Microbrewery','Warren','MI'),
	(464,'Drake\'s Brewing','San Leandro','CA'),
	(466,'Dry Gulch Brewing','Albuquerque','NM'),
	(468,'Dubuque Brewing and Bottling','Dubuque','IA'),
	(469,'Duck-Rabbit Craft Brewery','Farmville','NC'),
	(470,'DuClaw','Baltimore','MD'),
	(472,'Duneland Brewhouse Pub and Restaurant','MI City','IN'),
	(475,'Eagle Brewing','Mukilteo','WA'),
	(476,'East End Brewing Company','Pittsburgh','PA'),
	(477,'Eastern Shore Brewing','St Michaels','MD'),
	(478,'Eddie McStiff\'s Brewpub','Moab','UT'),
	(481,'Eel River Brewing','Fortuna','CA'),
	(483,'Egan Brewing','De Pere','WI'),
	(485,'EJ Phair Brewing Company and Alehouse','Concord','CA'),
	(487,'El Toro Brewing Company','Morgan Hill','CA'),
	(490,'Elk Creek Cafe and Aleworks','Millheim','PA'),
	(491,'Elk Grove Brewery & Restaurant','Elk Grove','CA'),
	(492,'Ellersick Brewing Big E Ales','Lynnwood','WA'),
	(493,'Ellicott Mills Brewing','Ellicott City','MD'),
	(494,'Elliott Bay Brewery and Pub','Seattle','WA'),
	(495,'Elm City Brewing Co','Keene','NH'),
	(496,'Elysian Brewery & Public House','Seattle','WA'),
	(497,'Elysian Brewing - TangleTown','Seattle','WA'),
	(499,'Emery Pub','Emeryville','CA'),
	(500,'Emmett\'s Tavern and Brewery','West Dundee','IL'),
	(501,'Empyrean Brewing Company','Lincoln','NE'),
	(502,'EndeHouse Brewery and Restaurant','Reedsburg','WI'),
	(504,'Engine House #9','Tacoma','WA'),
	(505,'English Ales Brewery','Marina','CA'),
	(507,'Erie Brewing Company','Erie','PA'),
	(508,'Esser\'s Cross Plains Brewery','Cross Plains','WI'),
	(509,'Estes Park Brewery','Estes Park','CO'),
	(510,'Etna Brewing','Etna','CA'),
	(512,'F.X. Matt Brewing','Utica','NY'),
	(513,'Far West Ireland Brewing','Redmond','WA'),
	(514,'Fauerbach Brewing Company','Madison','WI'),
	(515,'Faultline Brewing #1','Sunnyvale','CA'),
	(516,'Faultline Brewing #2','Walnut Creek','CA'),
	(520,'Fifty Fifty Brewing Co.','Truckee','CA'),
	(521,'Firehouse Brewery & Restaurant','Red Oak','IA'),
	(522,'Firehouse Brewing','Rapid City','SD'),
	(523,'Firehouse Grill & Brewery','Sunnyvale','CA'),
	(524,'Firestone Walker Brewing Company','Paso Robles','CA'),
	(525,'First Coast Brewing','Wilmington','NC'),
	(526,'Fish Brewing Company & Fish Tail Brewpub','Olympia','WA'),
	(527,'Fitger\'s Brewhouse, Brewery and Grill','Duluth','MN'),
	(528,'Fitzpatrick\'s Brewing','Iowa City','IA'),
	(529,'Flagstaff Brewing','Flagstaff','AZ'),
	(530,'Flat Branch Pub & Brewing','Columbia','MO'),
	(531,'Flat Earth Brewing Company','St. Paul','MN'),
	(532,'Flatlander\'s Restaurant & Brewery','Lincolnshire','IL'),
	(535,'Florida Beer Company','Melbourne','FL'),
	(536,'Flossmoor Station Brewery','Flossmoor','IL'),
	(537,'Flour City Brewing','Rochester','NY'),
	(538,'Flyers Restraunt and Brewery','Oak Harbor','WA'),
	(539,'Flying Bison Brewing','Buffalo','NY'),
	(540,'Flying Dog Brewery','Denver','CO'),
	(541,'Flying Fish Brewing Company','Cherry Hill','NJ'),
	(543,'Foothills Brewing Company','Winston-Salem','NC'),
	(544,'Fordham Brewing','Annapolis','MD'),
	(545,'Fort Collins Brewery','Fort Collins','CO'),
	(548,'Founder\'s Restaurant & Brewing','Alexandria','VA'),
	(549,'Founders Brewing','Grand Rapids','MI'),
	(550,'Founders Hill Brewing','Downers Grove','IL'),
	(551,'Four Peaks Brewing','Tempe','AZ'),
	(552,'Fox River Brewing #1','Oshkosh','WI'),
	(553,'Fratellos Restaurant and Brewery','Appleton','WI'),
	(555,'Frederick Brewing','Frederick','MD'),
	(556,'Free State Brewing','Lawrence','KS'),
	(559,'Front Street Brewery','Davenport','IA'),
	(560,'Frontwaters Restaurant and Brewing','Marblehead','OH'),
	(562,'Full Sail Brewing #1','Hood River','OR'),
	(565,'G. Heileman Brewing','La Crosse','WI'),
	(566,'Gaslight Brewery','South Orange','NJ'),
	(574,'Glacial Lakes Brewing','NY Mills','MN'),
	(575,'Glacier Brewhouse','Anchorage','AK'),
	(576,'Glen Ellyn Sports Brew','Glen Ellyn','IL'),
	(577,'Glenwood Canyon Brewing Company','Glenwood Springs','CO'),
	(580,'Golden City Brewery','Golden','CO'),
	(581,'Golden Gate Park Brewery','San Francisco','CA'),
	(582,'Golden Pacific Brewing','Berkeley','CA'),
	(583,'Golden Prairie Brewing','Chicago','IL'),
	(584,'Golden Valley Brewery and Pub','McMinnville','OR'),
	(585,'Goose Island Beer Company - Clybourn','Chicago','IL'),
	(586,'Goose Island Beer Company - Fulton Street','Chicago','IL'),
	(587,'Gordash Brewing Company','Fort Lauderdale','FL'),
	(588,'Gordon Biersch Brewing','San Jose','CA'),
	(589,'Gore Range Brewery','Edwards','CO'),
	(590,'Gottberg Brew Pub','Columbus','NE'),
	(591,'Govnor\'s Public House','Lake In The Hills','IL'),
	(592,'Grand Lake Brewing','Grand Lake','CO'),
	(593,'Grand Teton Brewing #1','Wilson','WY'),
	(594,'Grand Teton Brewing #2','Victor','ID'),
	(595,'Granite City Food & Brewery - Omaha','Omaha','NE'),
	(596,'Granite City Food & Brewery - Saint Cloud','Saint Cloud','MN'),
	(599,'Gray Brewing','Janesville','WI'),
	(600,'Great Basin Brewing Company','Sparks','NV'),
	(601,'Great Bear Brewing','Wasilla','AK'),
	(602,'Great Dane Pub and Brewing #1','Madison','WI'),
	(603,'Great Dane Pub and Brewing #2','Fitchburg','WI'),
	(604,'Great Divide Brewing','Denver','CO'),
	(605,'Great Lakes Brewing','Cleveland','OH'),
	(606,'Great Northern Tavern and Brewery','Keystone','CO'),
	(607,'Great Waters Brewing Company','Saint Paul','MN'),
	(608,'Green Bay Brewing','Green Bay','WI'),
	(609,'Green Flash Brewing','Vista','CA'),
	(610,'Green Mill Brewing - Saint Paul','Saint Paul','MN'),
	(611,'Green Mountain Beverage','Middlebury','VT'),
	(613,'Greenshields Brewery and Pub','Raleigh','NC'),
	(614,'Grizzly Bay Brewing','Suisun City','CA'),
	(615,'Grizzly Peak Brewing','Ann Arbor','MI'),
	(617,'Grumpy Troll Restaurant and Brewery','Mount Horeb','WI'),
	(622,'Hair of the Dog Brewing','Portland','OR'),
	(623,'Hale\'s Ales #3','Seattle','WA'),
	(624,'Half Moon Bay Brewing','Princeton by the Sea','CA'),
	(625,'Ham\'s Restaurant and Brewhouse','Greenville','NC'),
	(631,'Hapa*s Brew Haus and Restaurant','Kihei','HI'),
	(632,'Harbor City Brewing','Port WA','WI'),
	(633,'Harmon Brewing Company','Tacoma','WA'),
	(634,'Harpoon Brewery - Boston','Boston','MA'),
	(635,'Harpoon Brewery - Windsor','Windsor','VT'),
	(636,'Harvest Moon Brewery / Cafe','New Brunswick','NJ'),
	(641,'Hawks Brewing','Roseburg','OR'),
	(642,'HC Berger Brewing','Fort Collins','CO'),
	(643,'Heartland Brewery Union Square','NY','NY'),
	(644,'Heavenly Daze Brewery and Grill','Denver','CO'),
	(645,'Heavyweight Brewing','Ocean','NJ'),
	(651,'Hereford & Hops Restaurant and Brewpub #1','Escanaba','MI'),
	(652,'Hereford & Hops Steakhouse and Brewpub #3','Wausau','WI'),
	(653,'Herkimer Pub & Brewery','Minneapolis','MN'),
	(655,'High Desert Brewing Co.','Las Cruces','NM'),
	(656,'High Falls Brewing','Rochester','NY'),
	(657,'High Point Wheat Beer Company','Butler','NJ'),
	(658,'Highland Brewing Company','Asheville','NC'),
	(665,'Hoffbrau Steaks Brewery #1','Addison','TX'),
	(666,'Hoffbrau Steaks Brewery #2','Dallas','TX'),
	(669,'Hook & Ladder Brewing Company','Silver Spring','MD'),
	(672,'Hoppers Seafood & Grill','Midvale','UT'),
	(673,'Hoppin Frog Brewery','Akron','OH'),
	(674,'Hoppy Brewing Company','Sacramento','CA'),
	(675,'Hops Grillhouse & Brewery - Cherry Creek','Denver','CO'),
	(676,'Hops Haven Brew Haus','Sheboygan','WI'),
	(677,'HopTown Brewing','Pleasanton','CA'),
	(678,'Hopworks Urban Brewery','Portland','OR'),
	(679,'Hornsby\'s Pubdrafts Ltd.','Modesto','CA'),
	(682,'Hubcap Brewery and Kitchen','Vail','CO'),
	(683,'Hudepohl-Schoenling Brewing','Cincinnati','OH'),
	(686,'Humboldt Brewing','Arcata','CA'),
	(688,'Idaho Brewing','Idaho Falls','ID'),
	(689,'Illinois Brewing','Bloomington','IL'),
	(691,'Independence Brew Pub','Philadelphia','PA'),
	(692,'Independence Brewing Co','Austin','TX'),
	(693,'Indian Wells Brewing','Inyokern','CA'),
	(698,'Iron City Brewing Co.','Pittsburgh','PA'),
	(699,'Iron Hill Brewery - Newark','Newark','DE'),
	(700,'Iron Hill Brewery - Wilmingon','Wilmington','DE'),
	(701,'Iron Springs Pub & Brewery','Fairfax','CA'),
	(702,'Island Brewing Company','Carpinteria','CA'),
	(704,'Issaquah Brewhouse','Issaquah','WA'),
	(705,'Ithaca Beer Company','Ithaca','NY'),
	(706,'Jack Russell Brewing','Camino','CA'),
	(707,'Jack\'s Brewing','Fremont','CA'),
	(708,'Jacob Leinenkugel Brewing Company','Chippewa Falls','WI'),
	(709,'Jaipur Restaurant and Brewpub','Omaha','NE'),
	(710,'James Page Brewing','Minneapolis','MN'),
	(711,'Jarre Creek Ranch Brewing','Castle Rock','CO'),
	(712,'Jasper Ridge Brewery','Ishpeming','MI'),
	(716,'JJ Bitting Brewing','Woodbridge','NJ'),
	(717,'Jobber\'s Canyon Restaurant & Brewery','Omaha','NE'),
	(718,'JoBoy\'s Brew Pub','Manheim','PA'),
	(719,'John Harvard\'s Brew House - Framingham','Framingham','MA'),
	(720,'John Harvard\'s Brew House - Harvard Square','Cambridge','MA'),
	(721,'John Harvard\'s Brewhouse - Wilmington','Wilmington','DE'),
	(723,'Jolly Pumpkin Artisan Ales','Dexter','MI'),
	(724,'Joshua Huddy\'s Brew Pub and Grill','Toms River','NJ'),
	(725,'JT Whitney\'s Brewpub and Eatery','Madison','WI'),
	(726,'Jurupa Valley Brewing','Riverside','CA'),
	(730,'Kalamazoo Brewing','Kalamazoo','MI'),
	(731,'Karl Strauss Brewery Gardens - Sorrento Mesa','San Diego','CA'),
	(734,'Keg Microbrewery & Restaurant','Stevens Point','WI'),
	(736,'Kelmer\'s Brewhouse','Santa Rosa','CA'),
	(737,'Kentucky Hemp Beer Company','Lexington','KY'),
	(739,'Kessler Brewing','Helena','MT'),
	(751,'Kona Brewing','Kailua-Kona','HI'),
	(754,'Krogh\'s Restaurant and Brewpub','Sparta','NJ'),
	(755,'Kross Brewing','Morrisville','VT'),
	(756,'Kuhnhenn Brewing','Warren','MI'),
	(759,'La Jolla Brew House','La Jolla','CA'),
	(760,'La Jolla Brewing','La Jolla','CA'),
	(763,'LaConner Brewing','LaConner','WA'),
	(764,'Lafayette Brewing','Lafayette','IN'),
	(765,'Lagunitas Brewing Company','Petaluma','CA'),
	(766,'Lake Louie Brewing','Arena','WI'),
	(767,'Lake Placid Pub & Brewery','Lake Placid','NY'),
	(768,'Lake Superior Brewing','Duluth','MN'),
	(769,'Lakefront Brewery','Milwaukee','WI'),
	(771,'Lancaster Brewing Co.','Lancaster','PA'),
	(773,'Lang Creek Brewry','Marion','MT'),
	(774,'Latrobe Brewing','Latrobe','PA'),
	(775,'Laughing Dog Brewing','Ponderay','ID'),
	(776,'Lazy Magnolia Brewing Company','Kiln','MS'),
	(778,'Left Coast Brewing','San Clemente','CA'),
	(779,'Left Hand Brewing Company','Longmont','CO'),
	(780,'Legacy Brewing Co.','Reading','PA'),
	(781,'Legends Brewhouse & Eatery of Green Bay','Green Bay','WI'),
	(782,'Leinenkugel\'s Ballyard Brewery','Phoenix','AZ'),
	(783,'Lewis & Clark Brewing Company','Helena','MT'),
	(784,'Liberty Steakhouse and Brewery','Myrtle Beach','SC'),
	(787,'Lift Bridge Brewery','Stillwater','MN'),
	(789,'Lightning Boy Brewery','Belgrade','MT'),
	(792,'Lion Brewery Inc.','Wilkes Barre','PA'),
	(794,'Listermann Brewing Company','Cincinnati','OH'),
	(795,'Little Apple Brewing','Manhattan','KS'),
	(797,'Live Oak Brewing','Austin','TX'),
	(798,'Loaf and Stein Brewing','Eagle River','WI'),
	(800,'Logjam Microbrewery','Unity','WI'),
	(801,'Long Trail Brewing Co','Bridgewater Corners','VT'),
	(802,'Long Valley Pub & Brewery','Long Valley','NJ'),
	(803,'Lost Coast Brewery','Eureka','CA'),
	(808,'Mad Anthony Brewing','Fort Wayne','IN'),
	(809,'Mad Crab Restaurant and Brewery','Strongsville','OH'),
	(810,'Mad River Brewing','Blue Lake','CA'),
	(811,'Mad River Brewing Company','Blue Lake','CA'),
	(812,'Magic Hat','South Burlington','VT'),
	(813,'Magnolia Pub and Brewery','San Francisco','CA'),
	(814,'Main Street Alehouse','Gresham','OR'),
	(815,'Main Street Beer Company #1','Richmond','VA'),
	(816,'Main Street Brewery','Corona','CA'),
	(817,'Main Street Brewing','Dallas','TX'),
	(818,'Main Street Station Casino, Brewery and Hotel','Las Vegas','NV'),
	(821,'Mambo Beer','Mequon','WI'),
	(822,'Mammoth Brewing','Mammoth Lakes','CA'),
	(823,'Manayunk Brewery and Restaurant','Philadelphia','PA'),
	(824,'Manhattan Beach Brewing','Manhattan Beach','CA'),
	(825,'Marble Brewery','Albuquerque','NM'),
	(826,'Margaritaville Brewing Company','Jacksonville','FL'),
	(827,'Marin Brewing','Larkspur Landing','CA'),
	(829,'Maritime Pacific Brewing','Seattle','WA'),
	(830,'Marquette Harbor Brewery and Restaurant','Marquette','MI'),
	(831,'Marshall Brewing Company','Tulsa','OK'),
	(833,'Marzoni\'s Brick Oven & Brewing Co','Duncansville','PA'),
	(834,'Mash House Restaurant and Brewery','Fayetteville','NC'),
	(836,'Maui Brewing Co.','Lahaina, Maui','HI'),
	(837,'Maumee Bay Brewing','Toledo','OH'),
	(839,'McCoy\'s Public House and Brewkitchen','Kansas City','MO'),
	(840,'McGuire\'s Irish Pub and Brewery - Pensacola','Pensacola','FL'),
	(841,'McKenzie Brew House','Glen Mills','PA'),
	(842,'McMenamins Mill Creek','Mill Creek','WA'),
	(846,'Mehana Brewing','Hilo','HI'),
	(847,'Mendocino Brewing - Hopland','Hopland','CA'),
	(848,'Mendocino Brewing - Saratoga Springs','Saratoga Springs','NY'),
	(849,'Mendocino Brewing - Ukiah','Ukiah','CA'),
	(850,'Mercury Brewing Company','Ipswich','MA'),
	(851,'Metropolitan Brewing','Chicago','IL'),
	(852,'Mia and Pia\'s Pizzeria and Brewhouse','Klamath Falls','OR'),
	(853,'MI Brewing','Webberville','MI'),
	(854,'Mickey Finn\'s Brewery','Libertyville','IL'),
	(855,'Mickey\'s Brewing Co.','Milwaukee','WI'),
	(857,'Middle Ages Brewing','Syracuse','NY'),
	(858,'Midnight Sun Brewing Co.','Anchorage','AK'),
	(860,'Milagro Brewery and Grill','Bernalillo','NM'),
	(861,'Mill Creek Brewpub','Walla Walla','WA'),
	(862,'Mill Steakhouse','Littleton','CO'),
	(863,'Miller Brewing','Milwaukee','WI'),
	(864,'Millrose Brewing','South Barrington','IL'),
	(865,'Millstream Brewing','Amana','IA'),
	(866,'Milly\'s Tavern','Manchester','NH'),
	(867,'Milwaukee Ale House','Milwaukee','WI'),
	(868,'Minhas Craft Brewery','Monroe','WI'),
	(869,'Minneapolis Town Hall Brewery','Minneapolis','MN'),
	(870,'MN Brewing','Saint Paul','MN'),
	(871,'Minocqua Brewing Company','Minocqua','WI'),
	(872,'Mishawaka Brewing','Mishawaka','IN'),
	(874,'MS Brewing Co.','Utica','NY'),
	(875,'Moab Brewery','Moab','UT'),
	(876,'Mogollon Brewing Company','Flagstaff','AZ'),
	(879,'MT Brewing','Billings','MT'),
	(880,'Monte Carlo Casino and Brewpub','Las Vegas','NV'),
	(882,'Moon River Brewing Company','Savannah','GA'),
	(883,'Moonlight Brewing','Fulton','CA'),
	(885,'Moose\'s Tooth Pub and Pizzeria','Anchorage','AK'),
	(888,'Moosejaw Pizza & Dells Brewing Company','Wisconsin Dells','WI'),
	(891,'Mountain Sun Pub & Brewery','Boulder','CO'),
	(892,'Moylan\'s Brewery & Restaurant','Novato','CA'),
	(893,'moylans Brewing company','Novato','CA'),
	(894,'Mudshark Brewing','Lake Havasu City','AZ'),
	(895,'Murphy\'s Wagon Wheel','Hastings','NE'),
	(899,'Namaqua Brewing','Loveland','CO'),
	(901,'NE Brewing Company','Papillion','NE'),
	(904,'New Albanian Brewing','New Albany','IN'),
	(905,'New Belgium Brewing','Fort Collins','CO'),
	(906,'New Century Brewing Company','Boston','MA'),
	(907,'New Glarus Brewing Company','New Glarus','WI'),
	(908,'New Holland Brewing Company','Holland','MI'),
	(909,'New River Brewing','Atlanta','GA'),
	(910,'New Road Brewhouse','Collegeville','PA'),
	(913,'Nicolet Brewing','Florence','WI'),
	(915,'Ninkasi Brewing','Eugene','OR'),
	(916,'Nodding Head Brewpub','Philadelphia','PA'),
	(917,'Nor\'Wester Brewery and Public House','Portland','OR'),
	(919,'North Coast Brewing Company','Fort Bragg','CA'),
	(920,'North Country Brewery','Slippery Rock','PA'),
	(921,'Northwest Brewwrks','Kirkland','WA'),
	(922,'Northwoods Brewpub Grill','Eau Claire','WI'),
	(924,'O\'Fallon Brewery','O\'Fallon','MO'),
	(925,'O\'Gara\'s Bar & Grill','Saint Paul','MN'),
	(926,'O\'Grady\'s Brewery and Pub #1','Arlington Heights','IL'),
	(928,'O\'Hara\'s Brewpub and Restaurant','Saint Cloud','MN'),
	(929,'Oak Creek Brewery','Sedona','AZ'),
	(930,'Oaken Barrel Brewing','Greenwood','IN'),
	(932,'Oasis Brewery and Restaurant','Boulder','CO'),
	(933,'Oasis Brewery Annex','Boulder','CO'),
	(934,'Oconomowoc Brewing','Oconomowoc','WI'),
	(935,'Odell Brewing','Fort Collins','CO'),
	(936,'Oggi\'s Pizza and Brewing - Vista','Vista','CA'),
	(937,'OH Brewing','Niles','OH'),
	(939,'Old City Brewing','Austin','TX'),
	(940,'Old Dominion Brewing Co.','Dover','DE'),
	(941,'Old Hat Brewery','Lawton','MI'),
	(942,'Olde Main Brewing','Ames','IA'),
	(943,'Olde Peninsula Brewpub and Restaurant','Kalamazoo','MI'),
	(944,'Oldenberg Brewery','Fort Mitchell','KY'),
	(945,'On Tap Bistro & Brewery','San Diego','CA'),
	(946,'Onion Pub & Brewery','Lake Barrington','IL'),
	(947,'Onopa Brewing','Milwaukee','WI'),
	(948,'Orchard Street Brewery','Bellingham','WA'),
	(949,'OR Trader Brewing','Albany','OR'),
	(950,'OR Trail Brewery','Corvallis','OR'),
	(952,'Original Basil T\'s','Red Bank','NJ'),
	(954,'Orlando Brewing','Orlando','FL'),
	(955,'Orlio Organic','South Burlington','VT'),
	(956,'Oskar Blues Grill and Brew','Lyons','CO'),
	(959,'Otter Creek Brewing & Wolaver\'s Organic Ales','Middlebury','VT'),
	(960,'Otto\'s Pub and Brewery','State College','PA'),
	(962,'Oyster Bar Bistro and Brewery','Fort Wayne','IN'),
	(963,'Pabst Brewing Company','San Antonio','TX'),
	(964,'Pacific Beach Brewhouse','Pacific Beach','CA'),
	(965,'Pacific Coast Brewing','Oakland','CA'),
	(966,'Pacific Rim Brewing','Seattle','WA'),
	(968,'Palmetto Brewing','Charleston','SC'),
	(969,'Panther Brewing Company','Utica','NY'),
	(970,'Paper City Brewing Company','Holyoke','MA'),
	(971,'Park City Brewing','Heber City','UT'),
	(973,'Pearl Street Brewery','La Crosse','WI'),
	(974,'Pelican Pub & Brewery','Pacific City','OR'),
	(975,'Penn Brewery','Pittsburgh','PA'),
	(976,'Pennichuck Brewing Company','Milford','NH'),
	(977,'PA Brewing','Pittsburgh','PA'),
	(978,'Pete\'s Brewing','San Antonio','TX'),
	(979,'Pete\'s Place','Krebs','OK'),
	(980,'PH Woods Diner and Brewery','Moreno Valley','CA'),
	(981,'Philadelphia Brewing Co','Philadelphia','PA'),
	(983,'Piece','Chicago','IL'),
	(984,'Pike Pub and Brewery','Seattle','WA'),
	(985,'Pinehurst Village Brewery','Aberdeen','NC'),
	(986,'Pinnacle Peak Patio Steakhouse & Microbrewery','Scottsdale','AZ'),
	(987,'Pint\'s Pub Brewery and Freehouse','Denver','CO'),
	(1000,'Pizza Beer','St Charles','IL'),
	(1001,'Pizza Port Brewing - Solana Beach','Solana Beach','CA'),
	(1002,'Pizzeria Uno Chicago Grill & Brewery','Metuchen','NJ'),
	(1003,'Platte Valley Brewing','Kearney','NE'),
	(1004,'Pleasanton Main Street Brewery','Pleasanton','CA'),
	(1008,'Pony Express Brewing','Olathe','KS'),
	(1009,'Port Brewing Company','San Marcos','CA'),
	(1010,'Port WA Brewing','Port WA','WI'),
	(1011,'Porterhouse Restaurant and Brewpub','Lahaska','PA'),
	(1012,'Portland Brewing','Portland','OR'),
	(1013,'Portsmouth Brewery','Portsmouth','NH'),
	(1014,'Prairie Rock Brewing - Elgin','Elgin','IL'),
	(1015,'Prescott Brewing Company','Prescott','AZ'),
	(1025,'Pug Ryan\'s Steakhouse and Brewery','Dillon','CO'),
	(1026,'Pugsley Brewing LLC','Portland','ME'),
	(1027,'Pumphouse Brewery & Restaurant','Longmont','CO'),
	(1028,'Pumphouse Pizza and Brewing','Lake Delton','WI'),
	(1029,'Pyramid Alehouse, Brewery and Restaurant - Berkele','Berkeley','CA'),
	(1030,'Pyramid Alehouse, Brewery and Restaurant - Seattle','Seattle','WA'),
	(1031,'Pyramid Ales Brewery','Seattle','WA'),
	(1033,'Quigleys','Pawleys Island','SC'),
	(1035,'Raccoon Lodge and Brewpub / Cascade Brewing','Portland','OR'),
	(1036,'Raccoon River Brewing','Des Moines','IA'),
	(1038,'Rahr & Sons Brewing Company','Fortworth','TX'),
	(1039,'Rail House Restaurant and Brewpub','Marinette','WI'),
	(1040,'Railway Brewing','Anchorage','AK'),
	(1041,'Ramapo Valley Brewery','Hillburn','NY'),
	(1042,'Randy\'s Fun Hunters Brewery Restaurant and Banquet','Whitewater','WI'),
	(1044,'Real Ale Brewing Company','Blanco','TX'),
	(1045,'ReaperAle','Foothill Ranch','CA'),
	(1046,'Red Kettle Brewing','Encinitas','CA'),
	(1047,'Red Lodge Ales','Red Lodge','MT'),
	(1048,'Red Oak Brewery','Whitsett','NC'),
	(1049,'Red Star Brewery & Grille','Greensburg','PA'),
	(1050,'RedFish New Orleans Brewhouse','Boulder','CO'),
	(1051,'Redhook Ale Brewery','Seattle','WA'),
	(1052,'Remington Watson Smith Brewing','Waukesha','WI'),
	(1054,'Revolution Brewing LLC','Chicago','IL'),
	(1055,'Richbrau Brewing Company','Richmond','VA'),
	(1057,'Rio Salado Brewing','Tempe','AZ'),
	(1058,'River Horse Brewing Company','Lambertville','NJ'),
	(1059,'River West Brewing','Chicago','IL'),
	(1060,'Rivers Effortless Dining','Salt Lake City','UT'),
	(1061,'Rivertowne Pour House','Monroeville','PA'),
	(1062,'Rock Art Brewery','Morrisville','VT'),
	(1063,'Rock Bottom Restaurant & Brewery - Chicago','Chicago','IL'),
	(1064,'Rock Bottom Restaurant & Brewery - Denver','Denver','CO'),
	(1065,'Rock Bottom Restaurant & Brewery - Milwaukee','Milwaukee','WI'),
	(1066,'Rock Bottom Restaurant & Brewery - Minneapolis','Minneapolis','MN'),
	(1067,'Rock Bottom Restaurant & Brewery - San Jose','Campbell','CA'),
	(1068,'Rock Bottom Restaurant & Brewery - South Denver','Englewood','CO'),
	(1069,'Rocky River Brewing','Rocky River','OH'),
	(1070,'Rockyard Brewing','Castle Rock','CO'),
	(1071,'Roffey Brewery','Holland','MI'),
	(1072,'Rogue Ales','Newport','OR'),
	(1074,'Roost Brewery','Campbell','CA'),
	(1075,'Roots Organic Brewing','Portland','OR'),
	(1076,'Ross Valley Brewing','Fairfax','CA'),
	(1077,'Rothaus Brauerei','Hartford','WI'),
	(1078,'Route 66 Brewery','Saint Louis','MO'),
	(1079,'Routh Street Brewery and Grille','Dallas','TX'),
	(1080,'Rowland\'s Calumet Brewery','Chilton','WI'),
	(1081,'Roy Pitz Brewing Company','Chambersburg','PA'),
	(1082,'Rubicon Brewing','Sacramento','CA'),
	(1084,'Rush River Brewing','River Falls','WI'),
	(1086,'Russian River Brewing','Santa Rosa','CA'),
	(1090,'Sacramento Brewing Company','Sacramento','CA'),
	(1091,'Saint Arnold Brewing','Houston','TX'),
	(1092,'Saint Louis Brewery / Schlafy Tap Room','Saint Louis','MO'),
	(1093,'Saint Somewhere Brewing Company','Tarpon Springs','FL'),
	(1095,'Salado Creek Brewing Company','San Antonio','TX'),
	(1097,'Salt Lake Brewing - Squatters','Salt Lake City','UT'),
	(1098,'Sam Choy\'s Breakfast, Lunch, Crab & Big Aloha Brew','Honolulu','HI'),
	(1100,'San Diego Brewing','San Diego','CA'),
	(1101,'San Marcos Brewery & Grill','San Marcos','CA'),
	(1103,'Sand Creek Brewing Company','Black River Falls','WI'),
	(1104,'SandLot Brewery at Coors Field','Denver','CO'),
	(1105,'Sanford\'s Grub and Pub','Sheridan','WY'),
	(1106,'Santa Barbara Brewing','Santa Barbara','CA'),
	(1107,'Santa Cruz Brewing','Santa Cruz','CA'),
	(1108,'Santa Fe Brewing Company','Santa Fe','NM'),
	(1109,'Santa Rosa Brewing','Santa Rosa','CA'),
	(1112,'Saxer Brewing','Lake Oswego','OR'),
	(1118,'Schooner Brewery','Dallas','TX'),
	(1119,'Schooner\'s Grille & Brewery','Antioch','CA'),
	(1124,'Scuttlebutt Brewing','Everett','WA'),
	(1125,'Sea Dog Brewing Company','Bangor','ME'),
	(1126,'Seabright Brewery','Santa Cruz','CA'),
	(1127,'Second Street Brewery','Santa Fe','NM'),
	(1128,'Selin\'s Grove Brewing Co.','Selinsgrove','PA'),
	(1129,'Sequoia Brewing Conoabt','Fresno','CA'),
	(1131,'Sharktooth Brewing','Kahului','HI'),
	(1133,'Sherlock\'s Home','Minnetonka','MN'),
	(1134,'Ship Inn Brewpub','Milford','NJ'),
	(1135,'Shipwrecked Brew Pub','Egg Harbor','WI'),
	(1136,'Shipyard Brewing - Portland','Portland','ME'),
	(1137,'Shmaltz Brewing Company','San Francisco','CA'),
	(1138,'Shmaltz Enterprises','San Francisco','CA'),
	(1139,'Short\'s Brewing Company','Bellaire','MI'),
	(1142,'Sierra NV Brewing Co.','Chico','CA'),
	(1143,'Siletz Roadhouse & Brewery','Siletz','OR'),
	(1144,'Silver Gulch Brewing Company','Fox','AK'),
	(1145,'Silverado Brewing','Saint Helena','CA'),
	(1147,'Sioux Falls Brewing','Sioux Falls','SD'),
	(1148,'Six Rivers Brewery','McKinleyville','CA'),
	(1149,'Sixpoint Craft Ales','Brooklyn','NY'),
	(1150,'Ska Brewing Company','Durango','CO'),
	(1151,'Skagit River Brewing','Mount Vernon','WA'),
	(1153,'Slab City Brewing','Bonduel','WI'),
	(1155,'Sleeping Lady Brewing Company','Anchorage','AK'),
	(1157,'Sly Fox Brewhouse and Eatery - Phoenixville','Phoenixville','PA'),
	(1158,'Sly Fox Brewhouse and Eatery - Royersford','Royersford','PA'),
	(1159,'Smoky Mountain Brewing','Knoxville','TN'),
	(1160,'Smuttynose Brewing Co.','Portsmouth','NH'),
	(1161,'Snake River Brewing','Jackson','WY'),
	(1162,'Snipes Mountain Microbrewery & Restaurant','Sunnyside','WA'),
	(1163,'Snowshoe Brewing - Sonora','Sonora','CA'),
	(1164,'Sockeye','Boise','ID'),
	(1165,'Socorro Springs Brewing','Socorro','NM'),
	(1166,'Sonoran Brewing Company','Scottsdale','AZ'),
	(1168,'South County Brewing Co.','Fawn Grove','PA'),
	(1169,'South Shore Brewery','Ashland','WI'),
	(1170,'Southampton Publick House','Southampton','NY'),
	(1171,'Southend Brewery and Smokehouse - Charleston','Charleston','SC'),
	(1172,'Southern Star Brewing Company','Conroe','TX'),
	(1173,'Southern Tier Brewing Co','Lakewood','NY'),
	(1175,'Spanish Peaks Brewing','Polson','MT'),
	(1177,'Speakeasy Ales and Lagers','San Francisco','CA'),
	(1178,'Spilker Ales','Cortland','NE'),
	(1179,'Spoetzl Brewery','Shiner','TX'),
	(1180,'Sports City Cafe & Brewery','La Jolla','CA'),
	(1181,'Sprecher Brewing','Glendale','WI'),
	(1182,'Spring House Brewing Company','Conestoga','PA'),
	(1183,'Springfield Brewing','Springfield','MO'),
	(1190,'St. Stan\'s Brewing Co.','Modesto','CA'),
	(1193,'Standing Stone Brewing Company','Ashland','OR'),
	(1196,'Steamworks Brewing - Durango','Durango','CO'),
	(1197,'Steel Brewing','Longview','TX'),
	(1199,'Steve and Clark\'s Brew Pub and Sausage Co. #2','Durham','NC'),
	(1200,'Stevens Point Brewery','Stevens Point','WI'),
	(1201,'Stewart\'s Brewing','Bear','DE'),
	(1203,'Stillwater Artisanal Ales','Baltimore','MD'),
	(1204,'Stone Brewing Co.','Escondido','CA'),
	(1205,'Stone Cellar Brewpub & Restaurant','Appleton','WI'),
	(1206,'Stone City Brewing','Solon','IA'),
	(1207,'Stone Coast Brewing - Portland','Portland','ME'),
	(1208,'Stonecutters Brewhouse','Barre','VT'),
	(1209,'Stoney Creek Brewing Company','Detroit','MI'),
	(1211,'Stoudt\'s Brewery','Adamstown','PA'),
	(1212,'Stout Brothers Public House','Milwaukee','WI'),
	(1214,'Straub Brewery','St. Mary\'s','PA'),
	(1215,'Stroh Brewery Company','Tampa','FL'),
	(1216,'Sturgeon Bay Brewing','Sturgeon Bay','WI'),
	(1218,'Sudwerk Privatbrauerei Hbsch','Davis','CA'),
	(1219,'Sullivan\'s Black Forest Brew Haus & Grill','Frankenmuth','MI'),
	(1220,'Summit Brewing','Saint Paul','MN'),
	(1221,'Surly Brewing','Brooklyn Center','MN'),
	(1223,'Sweet Water Tavern and Brewery','Sterling','VA'),
	(1224,'Sweetwater Brewing - Atlanta','Atlanta','GA'),
	(1225,'Sweetwater Brewing - Casper','Casper','WY'),
	(1226,'Sweetwater Tavern - Centreville','Centreville','VA'),
	(1227,'Switchback Brewing Co','Burlington','VT'),
	(1229,'T-Bonz Gill, Grill and Brewery','Mount Pleasant','SC'),
	(1230,'Tabernash Brewing','Longmont','CO'),
	(1231,'Tablerock','Boise','ID'),
	(1232,'Tailgate Beer','San Diego','CA'),
	(1234,'Tampa Bay Brewing','Tampa','FL'),
	(1235,'Tap Room Brewing Company','La Crosse','WI'),
	(1236,'Taylor Brewing','Lombard','IL'),
	(1238,'Taylor\'s Restaurant and Brewery','San Diego','CA'),
	(1240,'Tenaya Creek Restaurant and Brewery','Las Vegas','NV'),
	(1242,'Terminal Gravity Brewing','Enterprise','OR'),
	(1243,'Terrapin Beer Company','Athens','GA'),
	(1244,'The Alchemist','Waterbury','VT'),
	(1245,'The Blind Bat Brewery LLC','Centerport','NY'),
	(1246,'The Bruery','Placentia','CA'),
	(1247,'The Cambridge House','Granby','CT'),
	(1248,'The Church Brew Works','Pittsburgh','PA'),
	(1249,'The Hop Yard','San Ramon','CA'),
	(1250,'The Livery','Benton Harbor','MI'),
	(1251,'The Lost Abbey','San Marcos','CA'),
	(1252,'The Narragansett Brewing Company','Providence','RI'),
	(1253,'The Round Barn Winery & Brewery','Baroda','MI'),
	(1254,'Third Street Ale Works','Santa Rosa','CA'),
	(1255,'Thirsty Dog Brewing','Akron','OH'),
	(1256,'ThirstyBear Brewing','San Francisco','CA'),
	(1257,'Thomas Creek Brewery','Greenville','SC'),
	(1258,'Thomas Hooker Brewing','Bloomfield','CT'),
	(1259,'Thomas Kemper Brewing','Seattle','WA'),
	(1260,'Three Floyds Brewing','Munster','IN'),
	(1261,'Three Needs Brewery and Taproom','Burlington','VT'),
	(1262,'Thunder Canyon Brewery','Tucson','AZ'),
	(1263,'Thunderhead Brewery','Kearney','NE'),
	(1264,'Thunderhead Brewery #2','Grand Island','NE'),
	(1265,'Tied House Cafe & Brewery - San Jose','San Jose','CA'),
	(1268,'Titletown Brewing','Green Bay','WI'),
	(1269,'Tivoli Brewing','Denver','CO'),
	(1271,'Tommyknocker Brewery and Pub','Idaho Springs','CO'),
	(1276,'Top of the Hill Restaurant and Brewery','Chapel Hill','NC'),
	(1277,'Trade Winds Brewing','Wailuku','HI'),
	(1278,'Traffic Jam and Snug','Detroit','MI'),
	(1279,'Trailhead Brewing Company','Saint Charles','MO'),
	(1280,'Trap Rock Restaurant and Brewery','Berkeley Heights','NJ'),
	(1282,'Trinity Brewing Company','Colorado Springs','CO'),
	(1283,'Triple Rock Brewery','Berkeley','CA'),
	(1284,'Triumph Brewing of New Hope','New Hope','PA'),
	(1285,'Triumph Brewing of Princeton','Princeton','NJ'),
	(1286,'Troegs Brewing','Harrisburg','PA'),
	(1288,'Trout River Brewing','Lyndonville','VT'),
	(1292,'Tunner\'s Guild Brewing Systems','Saint Paul','MN'),
	(1293,'Tuppers Hop Pocket Ale','Bethesda','MD'),
	(1294,'Tustin Brewing','Tustin','CA'),
	(1295,'Twin Ports Brewing','Superior','WI'),
	(1296,'Twin Rivers Brewing','Monroe','WA'),
	(1297,'Twisted Pine Brewing Company','Boulder','CO'),
	(1298,'Two Brothers Brewing','Warrenville','IL'),
	(1299,'Two Dogs Beverage Company','Manhasset','NY'),
	(1300,'TwoRows Restaurant & Brewery - Dallas','Dallas','TX'),
	(1301,'Tyranena Brewing','Lake Mills','WI'),
	(1304,'Uinta Brewing Compnay','Salt Lake City','UT'),
	(1305,'Ukiah Brewing','Ukiah','CA'),
	(1306,'Umpqua Brewing','Roseburg','OR'),
	(1309,'Union Barrel Works','Reamstown','PA'),
	(1310,'Union Colony Brewery','Greeley','CO'),
	(1313,'Upland Brewing','Bloomington','IN'),
	(1314,'Upper MS Brewing','Clinton','IA'),
	(1315,'Upstream Brewing Company at Legacy','Omaha','NE'),
	(1316,'Upstream Brewing Old Market','Omaha','NE'),
	(1318,'UT Brewers Cooperative','Salt Lake City','UT'),
	(1320,'Valley Brewing Company','Stockton','CA'),
	(1321,'Valley Forge Brewing','Wayne','PA'),
	(1324,'VT Pub & Brewery','Burlington','VT'),
	(1326,'Victory Brewing','Downingtown','PA'),
	(1327,'Viking Brewing','Dallas','WI'),
	(1328,'Vintage 50 Restaurant and Brew Lounge','Leesburg','VA'),
	(1330,'Voodoo Brewing Co.,LLC','Meadville','PA'),
	(1332,'Wachusetts Brewing Company','Westminster','MA'),
	(1333,'Wagner Valley Brewing','Lodi','NY'),
	(1334,'Wainwright Brewing','Pittsburgh','PA'),
	(1335,'Walking Man Brewery','Stevenson','WA'),
	(1336,'Walldorff Brew Pub','Hastings','MI'),
	(1338,'Watch City Brewing','Waltham','MA'),
	(1339,'Water Street Brewery','Milwaukee','WI'),
	(1340,'Water Street Lake Country','Delafield','WI'),
	(1341,'Water Tower Brewing','Eden Prairie','MN'),
	(1343,'Watson Brothers Brewhouse','Blue Ash','OH'),
	(1345,'Weeping Radish Restaurant and Brewery - Manteo','Manteo','NC'),
	(1346,'Weinkeller Brewery - Berwyn','Berwyn','IL'),
	(1351,'Western Reserve Brewing','Cleveland','OH'),
	(1352,'Weyerbacher Brewing Company','Easton','PA'),
	(1354,'Wharf Rat','Baltimore','MD'),
	(1357,'White Marsh Brewing Company','White Marsh','MD'),
	(1358,'White Oak Cider','Newberg','OR'),
	(1359,'White Winter Winery','Iron River','WI'),
	(1361,'Widmer Brothers Brewing','Portland','OR'),
	(1362,'Wild Duck Brewing','Eugene','OR'),
	(1363,'Wild Goose Brewery, LLC','Fredrick','MD'),
	(1364,'Wild Onion Brewing','Lake Barrington','IL'),
	(1365,'Wild River Brewing and Pizza - Cave Junction','Cave Junction','OR'),
	(1366,'William Kuether Brewing','Clear Lake','WI'),
	(1368,'Willoughby Brewing','Willoughby','OH'),
	(1369,'Wilmington Brewing','Wilmington','NC'),
	(1370,'Wisconsin Brewing','Wauwatosa','WI'),
	(1371,'Wolf Pack Brewing','West Yellowstone','MT'),
	(1372,'Wolf Tongue Brewery','Nederland','CO'),
	(1379,'Wynkoop Brewing','Denver','CO'),
	(1380,'Yakima Brewing and Malting / Grant\'s Ales','Yakima','WA'),
	(1382,'Yamhill Brewing','Portland','OR'),
	(1383,'Yards Brewing','Philadelphia','PA'),
	(1384,'Marshall Wharf Brewing Company','Belfast','ME'),
	(1386,'Zea Rotisserie and Brewery','New Orleans','LA'),
	(1387,'Yegua Creek Brewing - Dallas','Dallas','TX'),
	(1388,'Yuengling & Son Brewing','Pottsville','PA'),
	(1390,'Yellowstone Valley Brewing','Billings','MT'),
	(1391,'Yazoo Brewing','Nashville','TN'),
	(1393,'Baxter Brewing','Lewiston','ME'),
	(1394,'Aviator Brewing Company','Fuquay Varina','NC'),
	(1396,'Aspen Brewing Company','Aspen','CO'),
	(1397,'Tallgrass Brewing Co.','Manhattan','KS'),
	(1398,'Half Acre Beer Company','Chicago','IL'),
	(1399,'NJ Beer Company','North Bergen','NJ'),
	(1400,'FINNEGANS','Minneapolis','MN'),
	(1402,'Warwick Valley Wine Co.','Warwick','NY'),
	(1404,'The St. Louis Brewrey','St. Louis','MO'),
	(1407,'Catawba Valley Brewing Company','Glen Alpine','NC'),
	(1408,'Walnut Brewery','Boulder','CO'),
	(1409,'Columbus Brewing Company','Columbus','OH'),
	(1410,'Oso','Plover','WI'),
	(1411,'Element Brewing Company','Millers Falls','ME'),
	(1413,'Wedge Brewery','Asheville','NC'),
	(1416,'Brewery Vivant','Grand Rapids','MI'),
	(1418,'Oakshire','Eugene','OR'),
	(1420,'Devil\'s Canyon','Belmont','CA'),
	(1422,'','',NULL);

/*!40000 ALTER TABLE `Breweries` ENABLE KEYS */;
UNLOCK TABLES;


# Dump of table Favorites
# ------------------------------------------------------------

DROP TABLE IF EXISTS `Favorites`;

CREATE TABLE `Favorites` (
  `favoritesID` int(11) NOT NULL AUTO_INCREMENT,
  `userID` varchar(50) DEFAULT NULL,
  `beerID` varchar(50) DEFAULT NULL,
  PRIMARY KEY (`favoritesID`),
  KEY `userID` (`userID`),
  KEY `beerID` (`beerID`),
  CONSTRAINT `favorites_ibfk_3` FOREIGN KEY (`userID`) REFERENCES `Users` (`userID`),
  CONSTRAINT `favorites_ibfk_4` FOREIGN KEY (`beerID`) REFERENCES `Beers` (`beerID`)
) ENGINE=InnoDB DEFAULT CHARSET=utf8;

LOCK TABLES `Favorites` WRITE;
/*!40000 ALTER TABLE `Favorites` DISABLE KEYS */;

INSERT INTO `Favorites` (`favoritesID`, `userID`, `beerID`)
VALUES
	(12,'00003447-3f87-11e3-a320-c42c03098f6b','1117'),
	(32,'00003447-3f87-11e3-a320-c42c03098f6b','1155');

/*!40000 ALTER TABLE `Favorites` ENABLE KEYS */;
UNLOCK TABLES;


# Dump of table Locations
# ------------------------------------------------------------

DROP TABLE IF EXISTS `Locations`;

CREATE TABLE `Locations` (
  `id` int(11) NOT NULL AUTO_INCREMENT,
  `locationID` varchar(50) DEFAULT NULL,
  `pubName` varchar(150) DEFAULT NULL,
  `locationAddress` varchar(150) DEFAULT NULL,
  `locationCity` varchar(150) DEFAULT NULL,
  `locationState` varchar(2) DEFAULT NULL,
  `locationZipCode` int(11) DEFAULT NULL,
  `beerID` varchar(50) DEFAULT NULL,
  `MenuNum` int(11) DEFAULT NULL,
  PRIMARY KEY (`id`),
  KEY `locationState` (`locationState`),
  KEY `beerID` (`beerID`),
  CONSTRAINT `locations_ibfk_1` FOREIGN KEY (`locationState`) REFERENCES `States` (`state`),
  CONSTRAINT `locations_ibfk_2` FOREIGN KEY (`beerID`) REFERENCES `Beers` (`beerID`)
) ENGINE=InnoDB DEFAULT CHARSET=utf8;

LOCK TABLES `Locations` WRITE;
/*!40000 ALTER TABLE `Locations` DISABLE KEYS */;

INSERT INTO `Locations` (`id`, `locationID`, `pubName`, `locationAddress`, `locationCity`, `locationState`, `locationZipCode`, `beerID`, `MenuNum`)
VALUES
	(1,'1','Downtown Crown','303 Copley Place','Gaithersburg','MD',20874,'1070',1),
	(2,'2','Brew Belly','18965 Georgia Ave','Olney','MD',20832,'1891',1),
	(3,'3','Liberty Craft House','346 East College Ave','State College','PA',18966,'2677',1),
	(4,'4','Water Street Grille','323 Water St.','Yorktown','VA',23690,'3876',1),
	(5,'1','Downtown Crown','303 Copley Place','Gaithersburg','MD',20874,'1155',2),
	(6,'1','Downtown Crown','303 Copley Place','Gaithersburg','MD',20874,'5634',3),
	(7,'1','Downtown Crown','303 Copley Place','Gaithersburg','MD',20874,'109',4),
	(8,'1','Downtown Crown','303 Copley Place','Gaithersburg','MD',20874,'231',5),
	(9,'1','Downtown Crown','303 Copley Place','Gaithersburg','MD',20874,'2376',6),
	(10,'1','Downtown Crown','303 Copley Place','Gaithersburg','MD',20874,'28',7),
	(11,'1','Downtown Crown','303 Copley Place','Gaithersburg','MD',20874,'3945',8),
	(12,'1','Downtown Crown','303 Copley Place','Gaithersburg','MD',20874,'282',9),
	(13,'1','Downtown Crown','303 Copley Place','Gaithersburg','MD',20874,'4581',10);

/*!40000 ALTER TABLE `Locations` ENABLE KEYS */;
UNLOCK TABLES;


# Dump of table Orders
# ------------------------------------------------------------

DROP TABLE IF EXISTS `Orders`;

CREATE TABLE `Orders` (
  `orderID` varchar(50) NOT NULL DEFAULT '',
  `beerID` varchar(50) DEFAULT NULL,
  `userID` varchar(50) DEFAULT NULL,
  `locationID` varchar(50) DEFAULT NULL,
  PRIMARY KEY (`orderID`),
  KEY `beerID` (`beerID`),
  KEY `userID` (`userID`),
  CONSTRAINT `orders_ibfk_1` FOREIGN KEY (`beerID`) REFERENCES `Beers` (`beerID`),
  CONSTRAINT `orders_ibfk_2` FOREIGN KEY (`userID`) REFERENCES `Users` (`userID`)
) ENGINE=InnoDB DEFAULT CHARSET=utf8;

LOCK TABLES `Orders` WRITE;
/*!40000 ALTER TABLE `Orders` DISABLE KEYS */;

INSERT INTO `Orders` (`orderID`, `beerID`, `userID`, `locationID`)
VALUES
	('201811-1213496','1155','00003447-3f87-11e3-a320-c42c03098f6b','1'),
	('201811-1237658','1155','00003447-3f87-11e3-a320-c42c03098f6b','1');

/*!40000 ALTER TABLE `Orders` ENABLE KEYS */;
UNLOCK TABLES;


# Dump of table Reviews
# ------------------------------------------------------------

DROP TABLE IF EXISTS `Reviews`;

CREATE TABLE `Reviews` (
  `reviewID` int(50) NOT NULL AUTO_INCREMENT,
  `beerID` varchar(50) DEFAULT NULL,
  `userID` varchar(50) DEFAULT NULL,
  `review` text,
  `rating` int(11) DEFAULT NULL,
  PRIMARY KEY (`reviewID`),
  KEY `userID` (`userID`),
  KEY `beerID` (`beerID`),
  CONSTRAINT `reviews_ibfk_2` FOREIGN KEY (`userID`) REFERENCES `Users` (`userID`),
  CONSTRAINT `reviews_ibfk_3` FOREIGN KEY (`beerID`) REFERENCES `Beers` (`beerID`)
) ENGINE=InnoDB DEFAULT CHARSET=utf8;

LOCK TABLES `Reviews` WRITE;
/*!40000 ALTER TABLE `Reviews` DISABLE KEYS */;

INSERT INTO `Reviews` (`reviewID`, `beerID`, `userID`, `review`, `rating`)
VALUES
	(1,'1010','00003447-3f87-11e3-a320-c42c03098f6b','This beer is great!',5),
	(2,'1004','000121c7-40ab-11e3-a7a4-c42c03098f6c','It\'s ok\n',1),
	(5,'1010','00003447-3f87-11e3-a320-c42c03098f6b','This is a review',3),
	(7,'1155','00003447-3f87-11e3-a320-c42c03098f6b','Super awesome!',5);

/*!40000 ALTER TABLE `Reviews` ENABLE KEYS */;
UNLOCK TABLES;


# Dump of table States
# ------------------------------------------------------------

DROP TABLE IF EXISTS `States`;

CREATE TABLE `States` (
  `state` varchar(2) NOT NULL DEFAULT '',
  `stateName` varchar(50) DEFAULT NULL,
  PRIMARY KEY (`state`)
) ENGINE=InnoDB DEFAULT CHARSET=utf8;

LOCK TABLES `States` WRITE;
/*!40000 ALTER TABLE `States` DISABLE KEYS */;

INSERT INTO `States` (`state`, `stateName`)
VALUES
	('AK','Alaska'),
	('AL','Alabama'),
	('AR','Arkansas'),
	('AZ','Arizona'),
	('CA','California'),
	('CO','Colorado'),
	('CT','Connecticut'),
	('DE','Delaware'),
	('FL','Florida'),
	('GA','Georgia'),
	('HI','Hawaii'),
	('IA','Iowa'),
	('ID','Idaho'),
	('IL','Illinois'),
	('IN','Indiana'),
	('KS','Kansas'),
	('KY','Kentucky'),
	('LA','Louisiana'),
	('MA','Massachusetts'),
	('MD','Maryland'),
	('ME','Maine'),
	('MI','Michigan'),
	('MN','Minnesota'),
	('MO','Missouri'),
	('MS','Mississippi'),
	('MT','Montana'),
	('NC','North Carolina'),
	('ND','North Dakota'),
	('NE','Nebraska'),
	('NH','New Hampshire'),
	('NJ','New Jersey'),
	('NM','New Mexico'),
	('NV','Nevada'),
	('NY','New York'),
	('OH','Ohio'),
	('OK','Oklahoma'),
	('OR','Oregon'),
	('PA','Pennsylvania'),
	('RI','Rhode Island'),
	('SC','South Carolina'),
	('SD','South Dakota'),
	('TN','Tennessee'),
	('TX','Texas'),
	('UT','Utah'),
	('VA','Virginia'),
	('VT','Vermont'),
	('WA','Washington'),
	('WI','Wisconsin'),
	('WV','West Virginia'),
	('WY','Wyoming');

/*!40000 ALTER TABLE `States` ENABLE KEYS */;
UNLOCK TABLES;


# Dump of table Users
# ------------------------------------------------------------

DROP TABLE IF EXISTS `Users`;

CREATE TABLE `Users` (
  `userID` varchar(50) NOT NULL DEFAULT '',
  `userName` varchar(150) DEFAULT NULL,
  `emailAddress` varchar(150) DEFAULT '',
  `password` varchar(150) DEFAULT '',
  `userFirstName` varchar(50) DEFAULT NULL,
  `userLastName` varchar(50) DEFAULT NULL,
  PRIMARY KEY (`userID`),
  UNIQUE KEY `userName` (`userName`)
) ENGINE=InnoDB DEFAULT CHARSET=utf8;

LOCK TABLES `Users` WRITE;
/*!40000 ALTER TABLE `Users` DISABLE KEYS */;

INSERT INTO `Users` (`userID`, `userName`, `emailAddress`, `password`, `userFirstName`, `userLastName`)
VALUES
	('00003447-3f87-11e3-a320-c42c03098f6b','mmckinney','mdmckinney@fullsail.edu','123456','Mark','Mckinney'),
	('00003447-3f87-11e3-a320-c42c03098f6c','spiderman5263','spiderman@gmail.com','l84876','Peter','Parker'),
	('0000c7b3-e2c3-11e2-982c-c42c03098f6c','superman123','superman@yahoo.com','password','Clark','Kent'),
	('0000db70-3f35-11e3-ba31-c42c03098f6c','vlacina3511','vlacina3511@mail.com','u06333','Bruce','Banner'),
	('00011617-e20f-11e2-9917-c42c03098f6c','ldonley5416','ldonley5416@msn.com','u55546','Bruce','Wayne'),
	('000121c7-40ab-11e3-a7a4-c42c03098f6c','bhavard2368','bhavard2368@gmail.com','u06333','Steve','Rogers'),
	('00012db5-e20e-11e2-870d-c42c03098f6c','kbroich4283','kbroich4283@hotmail.com','h78830','Lex','Luther'),
	('00014902-3f74-11e3-bb65-c42c03098f6c','phieb5444','phieb5444@yahoo.com','t71961','Lana','Lang'),
	('00016d26-3f79-11e3-a3ff-c42c03098f6c','mlightning5471','mlightning5471@outlook.com','r76395','Al','Simmons'),
	('0005099c-3e5f-11e3-8d4e-c42c03098f6c','lokino2139','lokino2139@gmail.com','l84876','Jonah','Jameson'),
	('00092a82-3e70-11e3-981d-c42c03098f6c','deadpool45','smonnot2126@yahoo.com','u04481','Wade','Wilson'),
	('7dad0742-122b-4655-a8a7-ab66dc5c6ffb','awesomeman123','bob@yahoo.com','password123','Bob','Unknown'),
	('a5ac2d26-6d39-4025-a5b4-7cf9e23860f8','bettyB','mrsmith@gmail.com','password','tim','smith');

/*!40000 ALTER TABLE `Users` ENABLE KEYS */;
UNLOCK TABLES;



/*!40111 SET SQL_NOTES=@OLD_SQL_NOTES */;
/*!40101 SET SQL_MODE=@OLD_SQL_MODE */;
/*!40014 SET FOREIGN_KEY_CHECKS=@OLD_FOREIGN_KEY_CHECKS */;
/*!40101 SET CHARACTER_SET_CLIENT=@OLD_CHARACTER_SET_CLIENT */;
/*!40101 SET CHARACTER_SET_RESULTS=@OLD_CHARACTER_SET_RESULTS */;
/*!40101 SET COLLATION_CONNECTION=@OLD_COLLATION_CONNECTION */;
